1754631000	148	EPISODE_START pct=0.1875
1754641800	160	EPISODE_FREEZE bars=12 range=[116341.73,116917.19]
1754644500	163	EPISODE_EXPIRED
1754645400	164	EPISODE_START pct=0.1042
1754659800	180	EPISODE_FREEZE bars=16 range=[116265.07,116864.37]
1754662500	183	EPISODE_EXPIRED
1754694000	218	EPISODE_START pct=0.0938
1754715600	242	EPISODE_FREEZE bars=24 range=[116303.81,116870.41]
1754716500	243	ENTRY side=long price=116930.41 atr=165.4934 stop=116682.17
1754719200	246	EXIT side=long r=-1.647 reason=stop
1754764200	296	EPISODE_START pct=0.1875
1754770500	303	EPISODE_FREEZE bars=7 range=[116461.15,116682.06]
1754770500	303	ENTRY side=long price=116691.47 atr=135.9715 stop=116487.51
1754774100	307	EXIT side=long r=-1.599 reason=stop
1754783100	317	EPISODE_START pct=0.1875
1754793000	328	EPISODE_FREEZE bars=11 range=[116418.51,116755.45]
1754793000	328	ENTRY side=long price=116990.11 atr=137.3209 stop=116784.13
1754793900	329	TRAIL_ACTIVATE side=long unreal_r=1.377
1754802000	338	EXIT side=long r=6.008 reason=trail
1754957700	511	EPISODE_START pct=0.1979
1754958600	512	EPISODE_FREEZE bars=1 range=[118694.26,118945.15]
1754961300	515	ENTRY side=long price=119004.81 atr=304.1092 stop=118548.65
1754962200	516	EPISODE_START pct=0.1146
1754976600	532	EXIT side=long r=-1.239 reason=stop
1754995500	553	EPISODE_FREEZE bars=37 range=[118154.26,119247.46]
1754998200	556	EPISODE_EXPIRED
1755070200	636	EPISODE_START pct=0.1458
1755072000	638	EPISODE_FREEZE bars=2 range=[119258.16,119601.79]
1755072000	638	ENTRY side=long price=119752.29 atr=261.0448 stop=119360.72
1755073800	640	EPISODE_START pct=0.1771
1755076500	643	EPISODE_FREEZE bars=3 range=[119772.29,120131.46]
1755079200	646	TRAIL_ACTIVATE side=long unreal_r=1.527
1755079200	646	SIGNAL_IGNORED side=long (position open)
1755081000	648	EPISODE_START pct=0.0729
1755090900	659	EPISODE_FREEZE bars=11 range=[120165.56,120710.32]
1755092700	661	SIGNAL_IGNORED side=long (position open)
1755096300	665	EXIT side=long r=2.881 reason=trail
1755163800	740	EPISODE_START pct=0.1771
1755168300	745	EPISODE_FREEZE bars=5 range=[121111.04,121816.06]
1755168300	745	ENTRY side=short price=120952.54 atr=323.9659 stop=121438.49
1755170100	747	EPISODE_START pct=0.1562
1755174600	752	TRAIL_ACTIVATE side=short unreal_r=3.054
1755174600	752	EPISODE_FREEZE bars=5 range=[120417.30,121141.05]
1755174600	752	SIGNAL_IGNORED side=short (position open)
1755181800	760	EXIT side=short r=3.994 reason=trail
1755223200	806	EPISODE_START pct=0.1667
1755261000	848	EPISODE_FREEZE bars=42 range=[118522.96,119184.29]
1755262800	850	ENTRY side=short price=118429.98 atr=251.3020 stop=118806.93
1755264600	852	TRAIL_ACTIVATE side=short unreal_r=1.174
1755279000	868	EXIT side=short r=1.958 reason=trail
1755306000	898	EPISODE_START pct=0.1979
1755390600	992	EPISODE_FREEZE bars=94 range=[117090.19,117854.32]
1755393300	995	EPISODE_EXPIRED
1755555300	1175	EPISODE_START pct=0.1979
1755557100	1177	EPISODE_FREEZE bars=2 range=[116680.20,116938.76]
1755557100	1177	ENTRY side=short price=116342.20 atr=259.4898 stop=116731.44
1755558000	1178	EPISODE_START pct=0.1771
1755562500	1183	TRAIL_ACTIVATE side=short unreal_r=1.201
1755563400	1184	EPISODE_FREEZE bars=6 range=[115867.22,116516.81]
1755564300	1185	SIGNAL_IGNORED side=long (position open)
1755595800	1220	EPISODE_START pct=0.1771
1755598500	1223	EXIT side=short r=2.289 reason=trail
1755610200	1236	EPISODE_FREEZE bars=16 range=[115222.01,115746.36]
1755610200	1236	ENTRY side=short price=115072.77 atr=258.2686 stop=115460.18
1755612900	1239	TRAIL_ACTIVATE side=short unreal_r=2.554
1755659700	1291	EXIT side=short r=3.886 reason=trail
1755661500	1293	EPISODE_START pct=0.1667
1755689400	1324	EPISODE_FREEZE bars=31 range=[113336.75,113977.58]
1755689400	1324	ENTRY side=short price=113133.79 atr=211.6553 stop=113451.27
1755690300	1325	EXIT side=short r=-1.555 reason=stop
1755760500	1403	EPISODE_START pct=0.1979
1755761400	1404	EPISODE_FREEZE bars=1 range=[113519.71,113726.62]
1755761400	1404	ENTRY side=long price=113817.84 atr=226.6746 stop=113477.83
1755762300	1405	EPISODE_START pct=0.1667
1755766800	1410	EXIT side=long r=-1.186 reason=stop
1755779400	1424	EPISODE_FREEZE bars=19 range=[112961.29,113947.67]
1755782100	1427	EPISODE_EXPIRED
1755853200	1506	EPISODE_START pct=0.1875
1755865800	1520	EPISODE_FREEZE bars=14 range=[111943.88,113093.49]
1755868500	1523	EPISODE_EXPIRED
1755906300	1565	EPISODE_START pct=0.1667
1755914400	1574	EPISODE_FREEZE bars=9 range=[116247.31,116988.27]
1755914400	1574	ENTRY side=short price=116180.76 atr=243.3574 stop=116545.80
1755918900	1579	TRAIL_ACTIVATE side=short unreal_r=1.373
1755927000	1588	EPISODE_START pct=0.1771
1755958500	1623	EPISODE_FREEZE bars=35 range=[114691.31,116000.00]
1755959400	1624	SIGNAL_IGNORED side=short (position open)
1755971100	1637	EPISODE_START pct=0.1979
1755992700	1661	EXIT side=short r=2.202 reason=trail
1755999000	1668	EPISODE_FREEZE bars=31 range=[114957.11,115516.23]
1756000800	1670	ENTRY side=long price=115579.13 atr=147.4339 stop=115357.98
1756002600	1672	EXIT side=long r=-1.861 reason=stop
1756186200	1876	EPISODE_START pct=0.1979
1756211400	1904	EPISODE_FREEZE bars=28 range=[109536.91,110507.97]
1756214100	1907	EPISODE_EXPIRED
1756252800	1950	EPISODE_START pct=0.1979
1756266300	1965	EPISODE_FREEZE bars=15 range=[110866.66,111765.82]
1756269000	1968	EPISODE_EXPIRED
1756269900	1969	EPISODE_START pct=0.1458
1756301400	2004	EPISODE_FREEZE bars=35 range=[110316.35,111628.93]
1756304100	2007	ENTRY side=long price=112141.38 atr=326.4023 stop=111651.77
1756321200	2026	EXIT side=long r=-1.057 reason=stop
1756370700	2081	EPISODE_START pct=0.1979
1756388700	2101	EPISODE_FREEZE bars=20 range=[112729.18,113429.16]
1756390500	2103	ENTRY side=short price=112591.22 atr=268.0245 stop=112993.25
1756392300	2105	EXIT side=short r=-1.304 reason=stop
1756422900	2139	EPISODE_START pct=0.1875
1756426500	2143	EPISODE_FREEZE bars=4 range=[112266.92,112519.19]
1756426500	2143	ENTRY side=long price=112547.40 atr=217.9025 stop=112220.55
1756427400	2144	EXIT side=long r=-1.111 reason=stop
1756445400	2164	EPISODE_START pct=0.1979
1756447200	2166	EPISODE_FREEZE bars=2 range=[111088.38,111271.29]
1756448100	2167	ENTRY side=short price=110978.68 atr=212.5067 stop=111297.44
1756450800	2170	TRAIL_ACTIVATE side=short unreal_r=1.522
1756468800	2190	EXIT side=short r=2.368 reason=trail
1756514700	2241	EPISODE_START pct=0.1875
1756518300	2245	EPISODE_FREEZE bars=4 range=[107985.05,108318.61]
1756518300	2245	ENTRY side=short price=107401.87 atr=260.1030 stop=107792.03
1756521000	2248	EXIT side=short r=-1.272 reason=stop
1756526400	2254	EPISODE_START pct=0.1458
1756567800	2300	EPISODE_FREEZE bars=46 range=[108067.46,108820.96]
1756567800	2300	ENTRY side=long price=108867.06 atr=169.1016 stop=108613.41
1756571400	2304	EPISODE_START pct=0.1979
1756585800	2320	EXIT side=long r=-1.132 reason=stop
1756602000	2338	EPISODE_FREEZE bars=34 range=[108413.58,109355.24]
1756604700	2341	ENTRY side=long price=109380.09 atr=149.7034 stop=109155.53
1756612800	2350	EXIT side=long r=-1.817 reason=stop
1756755900	2509	EPISODE_START pct=0.1979
1756758600	2512	EPISODE_FREEZE bars=3 range=[108963.22,109224.90]
1756758600	2512	ENTRY side=short price=108420.91 atr=255.1194 stop=108803.59
1756759500	2513	EXIT side=short r=-1.094 reason=stop
1756790100	2547	EPISODE_START pct=0.1875
1756802700	2561	EPISODE_FREEZE bars=14 range=[109940.86,110572.27]
1756805400	2564	EPISODE_EXPIRED
1756807200	2566	EPISODE_START pct=0.1771
1756814400	2574	EPISODE_FREEZE bars=8 range=[109518.15,110435.64]
1756814400	2574	ENTRY side=short price=109364.55 atr=265.3676 stop=109762.60
1756816200	2576	TRAIL_ACTIVATE side=short unreal_r=1.650
1756819800	2580	EXIT side=short r=-2.714 reason=trail
1756856700	2621	EPISODE_START pct=0.1562
1756858500	2623	EPISODE_FREEZE bars=2 range=[111028.72,111496.15]
1756858500	2623	ENTRY side=long price=111587.72 atr=269.5960 stop=111183.32
1756860300	2625	EPISODE_START pct=0.1771
1756861200	2626	EXIT side=long r=-1.039 reason=stop
1756862100	2627	EPISODE_FREEZE bars=2 range=[111082.78,111400.70]
1756862100	2627	ENTRY side=short price=110928.81 atr=266.2649 stop=111328.21
1756863000	2628	EPISODE_START pct=0.1458
1756864800	2630	EPISODE_FREEZE bars=2 range=[110842.71,111149.78]
1756865700	2631	EXIT side=short r=-1.010 reason=stop
1756865700	2631	ENTRY side=long price=111332.14 atr=273.5781 stop=110921.78
1756867500	2633	EPISODE_START pct=0.1667
1756868400	2634	EPISODE_FREEZE bars=1 range=[111286.63,111442.89]
1756868400	2634	SIGNAL_IGNORED side=short (position open)
1756870200	2636	EXIT side=long r=-1.051 reason=stop
1756870200	2636	EPISODE_START pct=0.1250
1756902600	2672	EPISODE_FREEZE bars=36 range=[110488.05,111670.00]
1756905300	2675	EPISODE_EXPIRED
1756943100	2717	EPISODE_START pct=0.1562
1756944900	2719	EPISODE_FREEZE bars=2 range=[111555.63,111726.89]
1756944900	2719	ENTRY side=long price=111956.10 atr=219.6111 stop=111626.68
1756952100	2727	EXIT side=long r=-1.713 reason=stop
1756971900	2749	EPISODE_START pct=0.1875
1756972800	2750	EPISODE_FREEZE bars=1 range=[110315.72,110480.10]
1756972800	2750	ENTRY side=long price=110621.16 atr=216.8919 stop=110295.82
1756975500	2753	EPISODE_START pct=0.1667
1756980000	2758	TRAIL_ACTIVATE side=long unreal_r=1.041
1756983600	2762	EPISODE_FREEZE bars=9 range=[110561.58,111110.04]
1756986300	2765	EPISODE_EXPIRED
1756994400	2774	EXIT side=long r=-2.642 reason=trail
1757049300	2835	EPISODE_START pct=0.1250
1757055600	2842	EPISODE_FREEZE bars=7 range=[111450.05,111876.79]
1757055600	2842	ENTRY side=long price=112290.42 atr=234.3429 stop=111938.90
1757056500	2843	TRAIL_ACTIVATE side=long unreal_r=1.051
1757063700	2851	EXIT side=long r=-0.305 reason=trail
1757067300	2855	EPISODE_START pct=0.1979
1757075400	2864	EPISODE_FREEZE bars=9 range=[112085.95,112634.07]
1757076300	2865	ENTRY side=long price=113159.55 atr=332.6395 stop=112660.59
1757080800	2870	EXIT side=long r=-1.934 reason=stop
1757119500	2913	EPISODE_START pct=0.1667
1757172600	2972	EPISODE_FREEZE bars=59 range=[110621.00,111256.70]
1757172600	2972	ENTRY side=short price=110559.91 atr=103.7255 stop=110715.50
1757173500	2973	TRAIL_ACTIVATE side=short unreal_r=1.516
1757196900	2999	EPISODE_START pct=0.1458
1757205900	3009	EXIT side=short r=1.636 reason=trail
1757207700	3011	EPISODE_FREEZE bars=12 range=[110023.55,110423.62]
1757207700	3011	ENTRY side=long price=110448.87 atr=97.6528 stop=110302.39
1757208600	3012	EPISODE_START pct=0.1667
1757213100	3017	TRAIL_ACTIVATE side=long unreal_r=1.100
1757213100	3017	EPISODE_FREEZE bars=5 range=[110394.10,110541.45]
1757213100	3017	SIGNAL_IGNORED side=long (position open)
1757220300	3025	EPISODE_START pct=0.1667
1757221200	3026	EPISODE_FREEZE bars=1 range=[110446.56,110515.40]
1757221200	3026	SIGNAL_IGNORED side=long (position open)
1757223000	3028	EPISODE_START pct=0.1042
1757229300	3035	EPISODE_FREEZE bars=7 range=[110413.65,110650.19]
1757230200	3036	SIGNAL_IGNORED side=long (position open)
1757265300	3075	EXIT side=long r=3.274 reason=trail
1757367900	3189	EPISODE_START pct=0.1979
1757368800	3190	EPISODE_FREEZE bars=1 range=[112192.15,112272.38]
1757368800	3190	ENTRY side=long price=112385.85 atr=184.0144 stop=112109.83
1757369700	3191	EPISODE_START pct=0.1667
1757373300	3195	EXIT side=long r=-1.126 reason=stop
1757376900	3199	EPISODE_FREEZE bars=8 range=[111912.25,112411.14]
1757376900	3199	ENTRY side=short price=111621.25 atr=185.2960 stop=111899.20
1757377800	3200	EPISODE_START pct=0.1562
1757378700	3201	EPISODE_FREEZE bars=1 range=[111511.36,111635.95]
1757380500	3203	TRAIL_ACTIVATE side=short unreal_r=1.075
1757380500	3203	SIGNAL_IGNORED side=short (position open)
1757391300	3215	EXIT side=short r=-1.064 reason=trail
1757412000	3238	EPISODE_START pct=0.1667
1757412900	3239	EPISODE_FREEZE bars=1 range=[112906.30,113012.02]
1757412900	3239	ENTRY side=short price=112658.70 atr=202.9225 stop=112963.08
1757416500	3243	EPISODE_START pct=0.1979
1757418300	3245	EPISODE_FREEZE bars=2 range=[112517.62,112716.10]
1757418300	3245	SIGNAL_IGNORED side=short (position open)
1757427300	3255	TRAIL_ACTIVATE side=short unreal_r=1.266
1757450700	3281	EXIT side=short r=3.848 reason=trail
1757461500	3293	EPISODE_START pct=0.0521
1757465100	3297	EPISODE_FREEZE bars=4 range=[111075.13,111533.05]
1757465100	3297	ENTRY side=short price=110971.28 atr=205.5929 stop=111279.67
1757470500	3303	EXIT side=short r=-1.072 reason=stop
1757475900	3309	EPISODE_START pct=0.0833
1757484900	3319	EPISODE_FREEZE bars=10 range=[111316.83,111643.39]
1757484900	3319	ENTRY side=long price=111712.48 atr=202.7792 stop=111408.31
1757488500	3323	TRAIL_ACTIVATE side=long unreal_r=1.549
1757494800	3330	EXIT side=long r=1.447 reason=trail
1757503800	3340	EPISODE_START pct=0.1979
1757506500	3343	EPISODE_FREEZE bars=3 range=[112106.51,112436.87]
1757506500	3343	ENTRY side=long price=112541.15 atr=203.2861 stop=112236.22
1757507400	3344	TRAIL_ACTIVATE side=long unreal_r=2.241
1757528100	3367	EXIT side=long r=2.644 reason=trail
1757547000	3388	EPISODE_START pct=0.1458
1757554200	3396	EPISODE_FREEZE bars=8 range=[113614.51,114136.31]
1757556900	3399	EPISODE_EXPIRED
1757557800	3400	EPISODE_START pct=0.1979
1757562300	3405	EPISODE_FREEZE bars=5 range=[113663.42,114229.43]
1757562300	3405	ENTRY side=long price=114354.33 atr=192.4392 stop=114065.67
1757564100	3407	EPISODE_START pct=0.1979
1757566800	3410	EXIT side=long r=-1.037 reason=stop
1757577600	3422	EPISODE_FREEZE bars=15 range=[113908.34,114419.84]
1757580300	3425	EPISODE_EXPIRED
1757581200	3426	EPISODE_START pct=0.0312
1757592900	3439	EPISODE_FREEZE bars=13 range=[113722.00,114449.40]
1757595600	3442	ENTRY side=short price=113433.82 atr=261.9633 stop=113826.76
1757597400	3444	EXIT side=short r=-1.101 reason=stop
1757627100	3477	EPISODE_START pct=0.1250
1757628900	3479	EPISODE_FREEZE bars=2 range=[114375.35,114514.45]
1757628900	3479	ENTRY side=long price=114992.54 atr=198.9126 stop=114694.17
1757631600	3482	TRAIL_ACTIVATE side=long unreal_r=1.114
1757641500	3493	EXIT side=long r=1.129 reason=trail
1757660400	3514	EPISODE_START pct=0.1875
1757664900	3519	EPISODE_FREEZE bars=5 range=[114908.90,115357.99]
1757667600	3522	EPISODE_EXPIRED
1757668500	3523	EPISODE_START pct=0.1875
1757679300	3535	EPISODE_FREEZE bars=12 range=[114687.46,115107.06]
1757682000	3538	EPISODE_EXPIRED
1757735100	3597	EPISODE_START pct=0.1354
1757772000	3638	EPISODE_FREEZE bars=41 range=[115566.50,116125.91]
1757774700	3641	EPISODE_EXPIRED
1757804400	3674	EPISODE_START pct=0.1562
1757811600	3682	EPISODE_FREEZE bars=8 range=[115763.66,115960.87]
1757811600	3682	ENTRY side=short price=115702.27 atr=107.3746 stop=115863.33
1757813400	3684	EXIT side=short r=-1.227 reason=stop
1757833200	3706	EPISODE_START pct=0.1146
1757844900	3719	EPISODE_FREEZE bars=13 range=[115671.36,116119.24]
1757847600	3722	EPISODE_EXPIRED
1757979900	3869	EPISODE_START pct=0.1875
1757985300	3875	EPISODE_FREEZE bars=6 range=[114890.30,115373.99]
1757988000	3878	EPISODE_EXPIRED
1757990700	3881	EPISODE_START pct=0.1771
1757996100	3887	EPISODE_FREEZE bars=6 range=[114969.89,115381.34]
1757997900	3889	ENTRY side=long price=115458.60 atr=216.9928 stop=115133.12
1757998800	3890	TRAIL_ACTIVATE side=long unreal_r=1.032
1758006900	3899	EPISODE_START pct=0.1562
1758020400	3914	EXIT side=long r=-0.785 reason=trail
1758030300	3925	EPISODE_FREEZE bars=26 range=[115000.05,115945.77]
1758031200	3926	ENTRY side=short price=114952.37 atr=225.9450 stop=115291.29
1758036600	3932	EXIT side=short r=-1.056 reason=stop
1758063600	3962	EPISODE_START pct=0.1979
1758064500	3963	EPISODE_FREEZE bars=1 range=[116765.94,116854.23]
1758064500	3963	ENTRY side=short price=116684.49 atr=193.3190 stop=116974.47
1758065400	3964	EPISODE_START pct=0.1979
1758066300	3965	EPISODE_FREEZE bars=1 range=[116637.39,116800.19]
1758067200	3966	SIGNAL_IGNORED side=short (position open)
1758068100	3967	EPISODE_START pct=0.1875
1758077100	3977	EPISODE_FREEZE bars=10 range=[116450.05,116874.09]
1758079800	3980	SIGNAL_IGNORED side=short (position open)
1758080700	3981	TRAIL_ACTIVATE side=short unreal_r=1.256
1758081600	3982	EPISODE_START pct=0.1979
1758085200	3986	EPISODE_FREEZE bars=4 range=[116107.20,116433.30]
1758085200	3986	SIGNAL_IGNORED side=long (position open)
1758087900	3989	EXIT side=short r=-1.348 reason=trail
1758101400	4004	EPISODE_START pct=0.1979
1758115800	4020	EPISODE_FREEZE bars=16 range=[116035.55,116749.54]
1758115800	4020	ENTRY side=short price=115946.72 atr=180.8870 stop=116218.05
1758118500	4023	TRAIL_ACTIVATE side=short unreal_r=1.240
1758130200	4036	EXIT side=short r=-0.120 reason=trail
1758186900	4100	EPISODE_START pct=0.1979
1758203100	4118	EPISODE_FREEZE bars=18 range=[116920.10,117599.64]
1758204900	4120	ENTRY side=long price=117638.96 atr=235.4277 stop=117285.82
1758208500	4124	EXIT side=long r=-1.014 reason=stop
1758220200	4137	EPISODE_START pct=0.1979
1758223800	4141	EPISODE_FREEZE bars=4 range=[117399.98,117829.74]
1758223800	4141	ENTRY side=short price=117237.40 atr=213.0445 stop=117556.96
1758227400	4145	EXIT side=short r=-1.132 reason=stop
1758228300	4146	EPISODE_START pct=0.1771
1758236400	4155	EPISODE_FREEZE bars=9 range=[116983.56,117605.70]
1758236400	4155	ENTRY side=short price=116714.70 atr=198.8550 stop=117012.98
1758239100	4158	EXIT side=short r=-1.012 reason=stop
1758240000	4159	EPISODE_START pct=0.1979
1758240900	4160	EPISODE_FREEZE bars=1 range=[116960.84,117100.08]
1758240900	4160	ENTRY side=long price=117171.40 atr=200.4078 stop=116870.79
1758242700	4162	EPISODE_START pct=0.1979
1758243600	4163	EPISODE_FREEZE bars=1 range=[117270.48,117375.10]
1758243600	4163	SIGNAL_IGNORED side=short (position open)
1758248100	4168	EPISODE_START pct=0.1979
1758254400	4175	EXIT side=long r=-1.537 reason=stop
1758254400	4175	EPISODE_FREEZE bars=7 range=[116800.05,117237.23]
1758254400	4175	ENTRY side=short price=116709.30 atr=190.1095 stop=116994.47
1758258000	4179	EPISODE_START pct=0.1667
1758269700	4191	EXIT side=short r=-1.138 reason=stop
1758288600	4212	EPISODE_FREEZE bars=33 range=[116017.09,117050.64]
1758291300	4215	EPISODE_EXPIRED
1758320100	4247	EPISODE_START pct=0.1875
1758385800	4320	EPISODE_FREEZE bars=73 range=[115343.01,116059.51]
1758388500	4323	EPISODE_EXPIRED
1758394800	4330	EPISODE_START pct=0.1250
1758404700	4341	EPISODE_FREEZE bars=11 range=[115625.42,115886.23]
1758407400	4344	EPISODE_EXPIRED
1758408300	4345	EPISODE_START pct=0.0104
1758420900	4359	EPISODE_FREEZE bars=14 range=[115434.86,115718.07]
1758423600	4362	EPISODE_EXPIRED
1758428100	4367	EPISODE_START pct=0.1354
1758434400	4374	EPISODE_FREEZE bars=7 range=[115430.20,115623.88]
1758434400	4374	ENTRY side=long price=115740.01 atr=66.8898 stop=115639.67
1758435300	4375	EPISODE_START pct=0.1354
1758437100	4377	EXIT side=long r=-1.063 reason=stop
1758439800	4380	EPISODE_FREEZE bars=5 range=[115556.70,115744.31]
1758440700	4381	ENTRY side=long price=115773.14 atr=70.5717 stop=115667.28
1758441600	4382	EXIT side=long r=-1.626 reason=stop
1758582000	4538	EPISODE_START pct=0.1667
1758593700	4551	EPISODE_FREEZE bars=13 range=[112090.38,112800.61]
1758593700	4551	ENTRY side=short price=111966.68 atr=232.9717 stop=112316.14
1758602700	4561	EXIT side=short r=-1.176 reason=stop
1758611700	4571	EPISODE_START pct=0.1979
1758636000	4598	EPISODE_FREEZE bars=27 range=[112636.77,113235.98]
1758638700	4601	ENTRY side=short price=112602.24 atr=227.0289 stop=112942.78
1758648600	4612	TRAIL_ACTIVATE side=short unreal_r=1.849
1758675600	4642	EXIT side=short r=0.960 reason=trail
1758676500	4643	EPISODE_START pct=0.1875
1758679200	4646	EPISODE_FREEZE bars=3 range=[112274.84,112466.53]
1758679200	4646	ENTRY side=short price=112115.79 atr=209.6554 stop=112430.27
1758683700	4651	TRAIL_ACTIVATE side=short unreal_r=1.231
1758688200	4656	EXIT side=short r=-0.224 reason=trail
1758703500	4673	EPISODE_START pct=0.1979
1758724200	4696	EPISODE_FREEZE bars=23 range=[112445.93,113178.21]
1758724200	4696	ENTRY side=long price=113331.93 atr=199.1877 stop=113033.15
1758725100	4697	TRAIL_ACTIVATE side=long unreal_r=1.102
1758746700	4721	EPISODE_START pct=0.1875
1758750300	4725	EPISODE_FREEZE bars=4 range=[113275.37,113557.45]
1758751200	4726	SIGNAL_IGNORED side=long (position open)
1758754800	4730	EPISODE_START pct=0.0938
1758756600	4732	EXIT side=long r=-0.542 reason=trail
1758759300	4735	EPISODE_FREEZE bars=5 range=[113143.90,113462.68]
1758759300	4735	ENTRY side=short price=113082.10 atr=193.2023 stop=113371.90
1758763800	4740	TRAIL_ACTIVATE side=short unreal_r=1.491
1758809700	4791	EXIT side=short r=5.603 reason=trail
1758863700	4851	EPISODE_START pct=0.1771
1758865500	4853	EPISODE_FREEZE bars=2 range=[109257.12,109538.76]
1758865500	4853	ENTRY side=short price=109202.52 atr=255.7488 stop=109586.14
1758876300	4865	EPISODE_START pct=0.1354
1758877200	4866	EXIT side=short r=-1.107 reason=stop
1758886200	4876	EPISODE_FREEZE bars=11 range=[108575.33,109653.83]
1758888900	4879	EPISODE_EXPIRED
1758922200	4916	EPISODE_START pct=0.1667
1758992400	4994	EPISODE_FREEZE bars=78 range=[109021.90,109687.82]
1758995100	4997	EPISODE_EXPIRED
1758996900	4999	EPISODE_START pct=0.1250
1759017600	5022	EPISODE_FREEZE bars=23 range=[109305.35,109653.72]
1759018500	5023	ENTRY side=long price=109727.19 atr=95.6058 stop=109583.78
1759020300	5025	EXIT side=long r=-1.191 reason=stop
1759037400	5044	EPISODE_START pct=0.1875
1759041000	5048	EPISODE_FREEZE bars=4 range=[109227.11,109349.64]
1759041000	5048	ENTRY side=long price=109386.85 atr=84.2573 stop=109260.46
1759051800	5060	TRAIL_ACTIVATE side=long unreal_r=1.057
1759058100	5067	EXIT side=long r=-1.286 reason=trail
1759215600	5242	EPISODE_START pct=0.1354
1759217400	5244	EPISODE_FREEZE bars=2 range=[113791.73,113949.20]
1759217400	5244	ENTRY side=short price=113583.98 atr=181.8403 stop=113856.74
1759222800	5250	TRAIL_ACTIVATE side=short unreal_r=1.471
1759239000	5268	EXIT side=short r=0.417 reason=trail
1759305600	5342	EPISODE_START pct=0.1875
1759306500	5343	EPISODE_FREEZE bars=1 range=[114424.63,114550.01]
1759306500	5343	ENTRY side=long price=115035.05 atr=234.4259 stop=114683.41
1759307400	5344	TRAIL_ACTIVATE side=long unreal_r=1.554
1759339800	5380	EXIT side=long r=5.909 reason=trail
1759385700	5431	EPISODE_START pct=0.1771
1759410900	5459	EPISODE_FREEZE bars=28 range=[118307.23,119361.39]
1759411800	5460	ENTRY side=long price=119465.95 atr=238.0919 stop=119108.82
1759415400	5464	EXIT side=long r=-1.436 reason=stop
1759469400	5524	EPISODE_START pct=0.1979
1759471200	5526	EPISODE_FREEZE bars=2 range=[119703.48,119974.99]
1759471200	5526	ENTRY side=long price=120009.46 atr=215.6376 stop=119686.00
1759472100	5527	EPISODE_START pct=0.1875
1759476600	5532	EXIT side=long r=-1.205 reason=stop
1759479300	5535	EPISODE_FREEZE bars=8 range=[119454.76,120020.00]
1759482000	5538	ENTRY side=long price=120038.32 atr=210.9077 stop=119721.96
1759485600	5542	EPISODE_START pct=0.1979
1759486500	5543	TRAIL_ACTIVATE side=long unreal_r=1.216
1759498200	5556	EPISODE_FREEZE bars=14 range=[120061.30,120528.62]
1759500900	5559	EPISODE_EXPIRED
1759509900	5569	EXIT side=long r=7.819 reason=trail
1759553100	5617	EPISODE_START pct=0.1562
1759554900	5619	EPISODE_FREEZE bars=2 range=[122385.62,122641.01]
1759557600	5622	ENTRY side=short price=122360.15 atr=204.2717 stop=122666.56
1759559400	5624	EPISODE_START pct=0.1146
1759575600	5642	TRAIL_ACTIVATE side=short unreal_r=1.238
1759590000	5658	EPISODE_FREEZE bars=34 range=[121893.27,122511.09]
1759590000	5658	SIGNAL_IGNORED side=short (position open)
1759609800	5680	EPISODE_START pct=0.1354
1759611600	5682	EPISODE_FREEZE bars=2 range=[121832.30,122021.60]
1759611600	5682	SIGNAL_IGNORED side=long (position open)
1759612500	5683	EXIT side=short r=0.236 reason=trail
1759616100	5687	EPISODE_START pct=0.1875
1759630500	5703	EPISODE_FREEZE bars=16 range=[122087.98,122377.65]
1759630500	5703	ENTRY side=long price=122798.07 atr=162.8225 stop=122553.83
1759631400	5704	TRAIL_ACTIVATE side=long unreal_r=3.463
1759648500	5723	EXIT side=long r=7.957 reason=trail
1759700700	5781	EPISODE_START pct=0.1979
1759701600	5782	EPISODE_FREEZE bars=1 range=[122594.41,122732.16]
1759701600	5782	ENTRY side=long price=122868.37 atr=258.6338 stop=122480.42
1759703400	5784	EPISODE_START pct=0.1771
1759705200	5786	TRAIL_ACTIVATE side=long unreal_r=1.422
1759709700	5791	EPISODE_FREEZE bars=7 range=[122987.06,123453.45]
1759709700	5791	SIGNAL_IGNORED side=long (position open)
1759726800	5810	EXIT side=long r=1.035 reason=trail
1759742100	5827	EPISODE_START pct=0.1250
1759749300	5835	EPISODE_FREEZE bars=8 range=[123696.12,124103.84]
1759749300	5835	ENTRY side=long price=124323.13 atr=265.6219 stop=123924.70
1759756500	5843	TRAIL_ACTIVATE side=long unreal_r=1.197
1759781700	5871	EXIT side=long r=1.919 reason=trail
1759796100	5887	EPISODE_START pct=0.1667
1759799700	5891	EPISODE_FREEZE bars=4 range=[124559.95,125048.24]
1759802400	5894	ENTRY side=short price=124532.36 atr=265.8828 stop=124931.18
1759804200	5896	EPISODE_START pct=0.1979
1759805100	5897	EPISODE_FREEZE bars=1 range=[124336.14,124581.07]
1759805100	5897	SIGNAL_IGNORED side=short (position open)
1759806900	5899	TRAIL_ACTIVATE side=short unreal_r=1.054
1759808700	5901	EPISODE_START pct=0.1250
1759825800	5920	EPISODE_FREEZE bars=19 range=[123262.06,124628.00]
1759828500	5923	EPISODE_EXPIRED
1759829400	5924	EPISODE_START pct=0.1667
1759835700	5931	EXIT side=short r=0.535 reason=trail
1759843800	5940	EPISODE_FREEZE bars=16 range=[123951.55,125098.23]
1759843800	5940	ENTRY side=short price=123715.86 atr=305.8324 stop=124174.61
1759845600	5942	TRAIL_ACTIVATE side=short unreal_r=1.977
1759867200	5966	EXIT side=short r=3.764 reason=trail
1759923000	6028	EPISODE_START pct=0.1771
1759930200	6036	EPISODE_FREEZE bars=8 range=[122343.80,123000.66]
1759930200	6036	ENTRY side=short price=121836.73 atr=345.6035 stop=122355.13
1759931100	6037	EXIT side=short r=-1.374 reason=stop
1759960800	6070	EPISODE_START pct=0.0938
1759977900	6089	EPISODE_FREEZE bars=19 range=[121535.21,123475.73]
1759980600	6092	EPISODE_EXPIRED
1759981500	6093	EPISODE_START pct=0.1771
1759997700	6111	EPISODE_FREEZE bars=18 range=[121622.55,122220.62]
1759997700	6111	ENTRY side=short price=121140.21 atr=269.5391 stop=121544.52
1760000400	6114	EXIT side=short r=-1.019 reason=stop
1760054400	6174	EPISODE_START pct=0.1562
1760066100	6187	EPISODE_FREEZE bars=13 range=[120849.14,121827.61]
1760068800	6190	EPISODE_EXPIRED
1760081400	6204	EPISODE_START pct=0.1979
1760083200	6206	EPISODE_FREEZE bars=2 range=[120813.74,121292.83]
1760085900	6209	ENTRY side=long price=121569.08 atr=259.6039 stop=121179.67
1760086800	6210	EPISODE_START pct=0.1146
1760089500	6213	EPISODE_FREEZE bars=3 range=[121408.30,121728.25]
1760089500	6213	SIGNAL_IGNORED side=short (position open)
1760090400	6214	EPISODE_START pct=0.1146
1760103000	6228	TRAIL_ACTIVATE side=long unreal_r=1.563
1760103000	6228	EPISODE_FREEZE bars=14 range=[121162.15,121995.84]
1760103000	6228	SIGNAL_IGNORED side=long (position open)
1760105700	6231	EXIT side=long r=-1.038 reason=trail
1760182200	6316	EPISODE_START pct=0.1667
1760212800	6350	EPISODE_FREEZE bars=34 range=[110804.57,112466.16]
1760213700	6351	ENTRY side=short price=110570.32 atr=365.6026 stop=111118.72
1760216400	6354	TRAIL_ACTIVATE side=short unreal_r=1.092
1760238900	6379	EXIT side=short r=-0.620 reason=trail
1760256000	6398	EPISODE_START pct=0.1979
1760275800	6420	EPISODE_FREEZE bars=22 range=[111078.28,112141.59]
1760278500	6423	EPISODE_EXPIRED
1760347800	6500	EPISODE_START pct=0.1771
1760354100	6507	EPISODE_FREEZE bars=7 range=[114105.38,115131.21]
1760354100	6507	ENTRY side=short price=113626.07 atr=357.5710 stop=114162.43
1760356800	6510	EXIT side=short r=-1.293 reason=stop
1760391000	6548	EPISODE_START pct=0.1979
1760411700	6571	EPISODE_FREEZE bars=23 range=[113210.63,115776.92]
1760414400	6574	EPISODE_EXPIRED
1760493600	6662	EPISODE_START pct=0.1771
1760494500	6663	EPISODE_FREEZE bars=1 range=[112612.45,112938.31]
1760494500	6663	ENTRY side=long price=113505.56 atr=403.7956 stop=112899.86
1760496300	6665	EXIT side=long r=-1.227 reason=stop
1760503500	6673	EPISODE_START pct=0.1875
1760530500	6703	EPISODE_FREEZE bars=30 range=[111608.94,113475.75]
1760530500	6703	ENTRY side=short price=111421.59 atr=368.8578 stop=111974.88
1760531400	6704	EPISODE_START pct=0.1979
1760535000	6708	EPISODE_FREEZE bars=4 range=[111300.92,111755.78]
1760535000	6708	SIGNAL_IGNORED side=short (position open)
1760540400	6714	TRAIL_ACTIVATE side=short unreal_r=1.167
1760553900	6729	EXIT side=short r=0.089 reason=trail
1760583600	6762	EPISODE_START pct=0.1979
1760584500	6763	EPISODE_FREEZE bars=1 range=[111358.42,111566.26]
1760584500	6763	ENTRY side=long price=111674.32 atr=361.2816 stop=111132.40
1760588100	6767	EPISODE_START pct=0.0104
1760589000	6768	EXIT side=long r=-1.363 reason=stop
1760589000	6768	EPISODE_FREEZE bars=1 range=[111470.58,111626.40]
1760589000	6768	ENTRY side=short price=110935.67 atr=365.4237 stop=111483.81
1760590800	6770	EPISODE_START pct=0.1771
1760593500	6773	EPISODE_FREEZE bars=3 range=[110844.61,111418.84]
1760596200	6776	EPISODE_EXPIRED
1760597100	6777	EXIT side=short r=-1.222 reason=stop
1760604300	6785	EPISODE_START pct=0.0938
1760607000	6788	EPISODE_FREEZE bars=3 range=[110614.84,110918.47]
1760607000	6788	ENTRY side=long price=111145.08 atr=450.9561 stop=110468.64
1760623200	6806	EXIT side=long r=-1.466 reason=stop
1760670000	6858	EPISODE_START pct=0.1875
1760682600	6872	EPISODE_FREEZE bars=14 range=[107706.65,109183.15]
1760682600	6872	ENTRY side=short price=106965.03 atr=360.8773 stop=107506.34
1760684400	6874	TRAIL_ACTIVATE side=short unreal_r=1.354
1760698800	6890	EXIT side=short r=2.168 reason=trail
1760739300	6935	EPISODE_START pct=0.1771
1760773500	6973	EPISODE_FREEZE bars=38 range=[106269.85,107442.06]
1760776200	6976	EPISODE_EXPIRED
1760777100	6977	EPISODE_START pct=0.1250
1760861700	7071	EPISODE_FREEZE bars=94 range=[106410.46,107332.95]
1760863500	7073	ENTRY side=short price=106400.87 atr=211.9349 stop=106718.77
1760866200	7076	EXIT side=short r=-1.644 reason=stop
1760956200	7176	EPISODE_START pct=0.1979
1760957100	7177	EPISODE_FREEZE bars=1 range=[110856.92,111061.38]
1760957100	7177	ENTRY side=short price=110695.85 atr=289.1718 stop=111129.60
1760958000	7178	EPISODE_START pct=0.1771
1760967900	7189	EPISODE_FREEZE bars=11 range=[110534.82,111150.51]
1760969700	7191	EXIT side=short r=-1.203 reason=stop
1760969700	7191	ENTRY side=long price=111217.45 atr=288.6245 stop=110784.51
1760977800	7200	EXIT side=long r=-1.824 reason=stop
1761000300	7225	EPISODE_START pct=0.1979
1761011100	7237	EPISODE_FREEZE bars=12 range=[110034.86,110793.92]
1761011100	7237	ENTRY side=short price=109803.83 atr=289.7334 stop=110238.43
1761018300	7245	TRAIL_ACTIVATE side=short unreal_r=1.833
1761043500	7273	EXIT side=short r=3.116 reason=trail
1761111000	7348	EPISODE_START pct=0.1979
1761130800	7370	EPISODE_FREEZE bars=22 range=[107562.15,108310.13]
1761133500	7373	ENTRY side=short price=107501.46 atr=362.1332 stop=108044.66
1761136200	7376	EXIT side=short r=-1.158 reason=stop
1761187500	7433	EPISODE_START pct=0.1771
1761200100	7447	EPISODE_FREEZE bars=14 range=[108155.93,109058.07]
1761200100	7447	ENTRY side=long price=109823.06 atr=332.4183 stop=109324.43
1761205500	7453	EXIT side=long r=-1.192 reason=stop
1761212700	7461	EPISODE_START pct=0.1875
1761221700	7471	EPISODE_FREEZE bars=10 range=[108638.96,109664.16]
1761224400	7474	EPISODE_EXPIRED
1761225300	7475	EPISODE_START pct=0.1979
1761226200	7476	EPISODE_FREEZE bars=1 range=[108896.51,109128.05]
1761226200	7476	ENTRY side=long price=109330.13 atr=330.6670 stop=108834.13
1761234300	7485	TRAIL_ACTIVATE side=long unreal_r=1.044
1761248700	7501	EXIT side=long r=1.630 reason=trail
1761261300	7515	EPISODE_START pct=0.1979
1761280200	7536	EPISODE_FREEZE bars=21 range=[109914.74,110979.66]
1761280200	7536	ENTRY side=long price=111083.44 atr=291.8233 stop=110645.71
1761282000	7538	EPISODE_START pct=0.1979
1761292800	7550	EPISODE_FREEZE bars=12 range=[110724.75,111492.96]
1761295500	7553	EPISODE_EXPIRED
1761298200	7556	EPISODE_START pct=0.1875
1761309000	7568	EPISODE_FREEZE bars=12 range=[110535.95,111438.56]
1761309000	7568	SIGNAL_IGNORED side=long (position open)
1761312600	7572	EXIT side=long r=-1.056 reason=stop
1761344100	7607	EPISODE_START pct=0.1979
1761385500	7653	EPISODE_FREEZE bars=46 range=[110622.62,111789.31]
1761388200	7656	EPISODE_EXPIRED
1761392700	7661	EPISODE_START pct=0.1562
1761399000	7668	EPISODE_FREEZE bars=7 range=[111477.89,111890.58]
1761401700	7671	EPISODE_EXPIRED
1761402600	7672	EPISODE_START pct=0.0833
1761408000	7678	EPISODE_FREEZE bars=6 range=[111270.35,111593.35]
1761408000	7678	ENTRY side=short price=111195.96 atr=161.2975 stop=111437.91
1761408900	7679	EPISODE_START pct=0.1458
1761416100	7687	EXIT side=short r=-1.488 reason=stop
1761439500	7713	EPISODE_FREEZE bars=34 range=[111170.35,111830.71]
1761442200	7716	EPISODE_EXPIRED
1761453900	7729	EPISODE_START pct=0.1875
1761454800	7730	EPISODE_FREEZE bars=1 range=[111372.41,111435.88]
1761454800	7730	ENTRY side=long price=111436.55 atr=127.1106 stop=111245.89
1761455700	7731	EPISODE_START pct=0.1354
1761464700	7741	TRAIL_ACTIVATE side=long unreal_r=1.239
1761470100	7747	EPISODE_FREEZE bars=16 range=[111414.91,111796.74]
1761470100	7747	SIGNAL_IGNORED side=long (position open)
1761494400	7774	EXIT side=long r=10.336 reason=trail
1761567300	7855	EPISODE_START pct=0.1667
1761568200	7856	EPISODE_FREEZE bars=1 range=[115126.49,115263.20]
1761568200	7856	ENTRY side=short price=115040.50 atr=241.4002 stop=115402.60
1761569100	7857	EPISODE_START pct=0.1146
1761571800	7860	EPISODE_FREEZE bars=3 range=[114961.76,115225.66]
1761571800	7860	SIGNAL_IGNORED side=short (position open)
1761583500	7873	EXIT side=short r=-1.099 reason=stop
1761608700	7901	EPISODE_START pct=0.1458
1761610500	7903	EPISODE_FREEZE bars=2 range=[113858.15,114180.22]
1761610500	7903	ENTRY side=long price=114189.95 atr=254.3064 stop=113808.49
1761614100	7907	EPISODE_START pct=0.1562
1761615000	7908	EPISODE_FREEZE bars=1 range=[114111.79,114258.05]
1761615000	7908	SIGNAL_IGNORED side=long (position open)
1761620400	7914	EXIT side=long r=-1.350 reason=stop
1761625800	7920	EPISODE_START pct=0.1771
1761658200	7956	EPISODE_FREEZE bars=36 range=[113433.05,115125.32]
1761659100	7957	ENTRY side=long price=115470.14 atr=239.2387 stop=115111.28
1761660900	7959	TRAIL_ACTIVATE side=long unreal_r=1.122
1761661800	7960	EXIT side=long r=-1.984 reason=trail
1761731100	8037	EPISODE_START pct=0.1979
1761734700	8041	EPISODE_FREEZE bars=4 range=[112823.20,113144.23]
1761734700	8041	ENTRY side=short price=112811.20 atr=243.4422 stop=113176.36
1761739200	8046	EXIT side=short r=-1.108 reason=stop
1761739200	8046	EPISODE_START pct=0.1458
1761744600	8052	EPISODE_FREEZE bars=6 range=[113001.21,113580.49]
1761744600	8052	ENTRY side=short price=112961.97 atr=269.1042 stop=113365.63
1761747300	8055	TRAIL_ACTIVATE side=short unreal_r=1.730
1761763500	8073	EXIT side=short r=5.480 reason=trail
1761866100	8187	EPISODE_START pct=0.1979
1761867000	8188	EPISODE_FREEZE bars=1 range=[107537.94,107700.33]
1761867000	8188	ENTRY side=long price=107887.95 atr=410.9252 stop=107271.56
1761868800	8190	TRAIL_ACTIVATE side=long unreal_r=1.187
1761870600	8192	EPISODE_START pct=0.1771
1761871500	8193	EPISODE_FREEZE bars=1 range=[108417.52,108660.67]
1761871500	8193	SIGNAL_IGNORED side=long (position open)
1761889500	8213	EPISODE_START pct=0.1146
1761912000	8238	EPISODE_FREEZE bars=25 range=[109158.80,110499.38]
1761914700	8241	EPISODE_EXPIRED
1761929100	8257	EXIT side=long r=1.488 reason=trail
1761948900	8279	EPISODE_START pct=0.1771
1762009200	8346	EPISODE_FREEZE bars=67 range=[109356.02,110536.01]
1762011900	8349	EPISODE_EXPIRED
1762022700	8361	EPISODE_START pct=0.1771
1762033500	8373	EPISODE_FREEZE bars=12 range=[110105.64,110472.92]
1762033500	8373	ENTRY side=short price=109815.40 atr=161.7069 stop=110057.96
1762038000	8378	EPISODE_START pct=0.1562
1762050600	8392	EPISODE_FREEZE bars=14 range=[109836.30,110101.12]
1762053300	8395	EPISODE_EXPIRED
1762054200	8396	EPISODE_START pct=0.0104
1762056000	8398	EXIT side=short r=-1.081 reason=stop
1762057800	8400	EPISODE_FREEZE bars=4 range=[109912.28,110157.06]
1762057800	8400	ENTRY side=long price=110402.00 atr=146.2229 stop=110182.67
1762068600	8412	TRAIL_ACTIVATE side=long unreal_r=1.074
1762079400	8424	EXIT side=long r=-0.226 reason=trail
1762256700	8621	EPISODE_START pct=0.1875
1762266600	8632	EPISODE_FREEZE bars=11 range=[103524.43,104592.28]
1762269300	8635	EPISODE_EXPIRED
1762329600	8702	EPISODE_START pct=0.1979
1762330500	8703	EPISODE_FREEZE bars=1 range=[101600.22,101947.10]
1762330500	8703	ENTRY side=short price=101384.06 atr=449.6917 stop=102058.60
1762336800	8710	EPISODE_START pct=0.1875
1762344900	8719	EXIT side=short r=-1.607 reason=stop
1762353000	8728	EPISODE_FREEZE bars=18 range=[101255.07,103203.45]
1762355700	8731	ENTRY side=long price=103312.39 atr=477.5145 stop=102596.11
1762365600	8742	EPISODE_START pct=0.1979
1762366500	8743	TRAIL_ACTIVATE side=long unreal_r=1.045
1762373700	8751	EPISODE_FREEZE bars=9 range=[103699.95,104494.69]
1762376400	8754	SIGNAL_IGNORED side=short (position open)
1762377300	8755	EPISODE_START pct=0.0312
1762391700	8771	EXIT side=long r=-0.715 reason=trail
1762396200	8776	EPISODE_FREEZE bars=21 range=[102696.09,104057.40]
1762398900	8779	EPISODE_EXPIRED
1762399800	8780	EPISODE_START pct=0.1458
1762413300	8795	EPISODE_FREEZE bars=15 range=[102957.41,104175.93]
1762416000	8798	EPISODE_EXPIRED
1762417800	8800	EPISODE_START pct=0.1458
1762434900	8819	EPISODE_FREEZE bars=19 range=[102341.62,103348.77]
1762434900	8819	ENTRY side=long price=103449.31 atr=345.3830 stop=102931.24
1762438500	8823	EXIT side=long r=-1.199 reason=stop
1762498800	8890	EPISODE_START pct=0.1875
1762512300	8905	EPISODE_FREEZE bars=15 range=[100571.65,102005.93]
1762513200	8906	ENTRY side=short price=100056.34 atr=341.2287 stop=100568.18
1762525800	8920	EXIT side=short r=-1.280 reason=stop
1762569000	8968	EPISODE_START pct=0.1979
1762569900	8969	EPISODE_FREEZE bars=1 range=[103080.57,103293.99]
1762569900	8969	ENTRY side=short price=102804.49 atr=345.7885 stop=103323.17
1762571700	8971	EPISODE_START pct=0.1979
1762572600	8972	EPISODE_FREEZE bars=1 range=[103034.24,103263.78]
1762572600	8972	SIGNAL_IGNORED side=short (position open)
1762573500	8973	EPISODE_START pct=0.1979
1762577100	8977	EPISODE_FREEZE bars=4 range=[102346.40,102745.39]
1762579800	8980	EPISODE_EXPIRED
1762580700	8981	TRAIL_ACTIVATE side=short unreal_r=1.065
1762580700	8981	EPISODE_START pct=0.0521
1762612200	9016	EPISODE_FREEZE bars=35 range=[101420.44,102634.79]
1762614900	9019	EPISODE_EXPIRED
1762616700	9021	EPISODE_START pct=0.1979
1762617600	9022	EPISODE_FREEZE bars=1 range=[101503.04,101697.94]
1762617600	9022	SIGNAL_IGNORED side=long (position open)
1762620300	9025	EPISODE_START pct=0.1458
1762651800	9060	EPISODE_FREEZE bars=35 range=[101470.72,102443.88]
1762654500	9063	EPISODE_EXPIRED
1762655400	9064	EPISODE_START pct=0.1771
1762656300	9065	EPISODE_FREEZE bars=1 range=[101711.48,101864.63]
1762656300	9065	SIGNAL_IGNORED side=short (position open)
1762668900	9079	EPISODE_START pct=0.1979
1762670700	9081	EPISODE_FREEZE bars=2 range=[101763.85,101922.64]
1762670700	9081	SIGNAL_IGNORED side=short (position open)
1762672500	9083	EPISODE_START pct=0.1562
1762683300	9095	EPISODE_FREEZE bars=12 range=[101456.52,102087.41]
1762686000	9098	SIGNAL_IGNORED side=long (position open)
1762689600	9102	EPISODE_START pct=0.1979
1762690500	9103	EPISODE_FREEZE bars=1 range=[102054.90,102232.43]
1762692300	9105	SIGNAL_IGNORED side=short (position open)
1762695000	9108	EXIT side=short r=0.098 reason=trail
1762768800	9190	EPISODE_START pct=0.1979
1762785000	9208	EPISODE_FREEZE bars=18 range=[105804.57,106557.81]
1762785000	9208	ENTRY side=short price=105608.53 atr=291.2840 stop=106045.45
1762785900	9209	TRAIL_ACTIVATE side=short unreal_r=1.741
1762796700	9221	EXIT side=short r=-0.682 reason=trail
1762855200	9286	EPISODE_START pct=0.1979
1762872300	9305	EPISODE_FREEZE bars=19 range=[104030.14,105461.79]
1762873200	9306	ENTRY side=short price=103939.82 atr=356.7462 stop=104474.94
1762877700	9311	TRAIL_ACTIVATE side=short unreal_r=1.051
1762911900	9349	EPISODE_START pct=0.1979
1762935300	9375	EXIT side=short r=0.269 reason=trail
1762938000	9378	EPISODE_FREEZE bars=29 range=[102884.43,104188.13]
1762938000	9378	ENTRY side=long price=104753.52 atr=295.2377 stop=104310.67
1762958700	9401	EXIT side=long r=-1.839 reason=stop
1763036100	9487	EPISODE_START pct=0.1979
1763040600	9492	EPISODE_FREEZE bars=5 range=[102369.31,103236.88]
1763041500	9493	ENTRY side=short price=102281.94 atr=364.2025 stop=102828.24
1763047800	9500	TRAIL_ACTIVATE side=short unreal_r=1.346
1763071200	9526	EXIT side=short r=5.563 reason=trail
1763170200	9636	EPISODE_START pct=0.1979
1763222400	9694	EPISODE_FREEZE bars=58 range=[95087.07,96794.00]
1763225100	9697	EPISODE_EXPIRED
1763233200	9706	EPISODE_START pct=0.1458
1763240400	9714	EPISODE_FREEZE bars=8 range=[95080.93,96110.82]
1763243100	9717	EPISODE_EXPIRED
1763247600	9722	EPISODE_START pct=0.1562
1763256600	9732	EPISODE_FREEZE bars=10 range=[95011.48,95673.06]
1763256600	9732	ENTRY side=short price=94969.95 atr=278.2667 stop=95387.35
1763259300	9735	EXIT side=short r=-1.572 reason=stop
1763269200	9746	EPISODE_START pct=0.1875
1763270100	9747	EPISODE_FREEZE bars=1 range=[95771.54,95999.91]
1763272800	9750	EPISODE_EXPIRED
1763273700	9751	EPISODE_START pct=0.0104
1763290800	9770	EPISODE_FREEZE bars=19 range=[95689.65,96599.95]
1763291700	9771	ENTRY side=short price=95564.26 atr=259.1417 stop=95952.97
1763307900	9789	TRAIL_ACTIVATE side=short unreal_r=2.669
1763316000	9798	EXIT side=short r=1.059 reason=trail
1763377200	9866	EPISODE_START pct=0.1979
1763385300	9875	EPISODE_FREEZE bars=9 range=[94780.28,95906.03]
1763385300	9875	ENTRY side=short price=94530.43 atr=308.8488 stop=94993.70
1763386200	9876	TRAIL_ACTIVATE side=short unreal_r=1.537
1763389800	9880	EXIT side=short r=-1.216 reason=trail
1763461800	9960	EPISODE_START pct=0.1875
1763476200	9976	EPISODE_FREEZE bars=16 range=[90888.13,91875.95]
1763478000	9978	ENTRY side=long price=91992.76 atr=511.7970 stop=91225.06
1763480700	9981	TRAIL_ACTIVATE side=long unreal_r=1.118
1763499600	10002	EPISODE_START pct=0.1979
1763514000	10018	EXIT side=long r=0.007 reason=trail
1763514900	10019	EPISODE_FREEZE bars=17 range=[91912.53,93392.45]
1763517600	10022	EPISODE_EXPIRED
1763520300	10025	EPISODE_START pct=0.1979
1763532000	10038	EPISODE_FREEZE bars=13 range=[89975.50,92767.30]
1763534700	10041	EPISODE_EXPIRED
1763535600	10042	EPISODE_START pct=0.1042
1763537400	10044	EPISODE_FREEZE bars=2 range=[90903.41,91375.78]
1763537400	10044	ENTRY side=long price=91712.90 atr=372.0027 stop=91154.89
1763538299	10045	EPISODE_START pct=0.0312
1763561700	10072	EXIT side=long r=-1.123 reason=stop
1763562600	10073	EPISODE_FREEZE bars=28 range=[91010.43,91987.45]
1763565300	10076	EPISODE_EXPIRED
1763626500	10144	EPISODE_START pct=0.1979
1763631900	10150	EPISODE_FREEZE bars=6 range=[91650.92,92299.00]
1763632800	10151	ENTRY side=short price=91586.23 atr=319.1844 stop=92065.01
1763635500	10154	EPISODE_START pct=0.1875
1763645400	10165	EPISODE_FREEZE bars=11 range=[91452.20,92066.51]
1763647200	10167	TRAIL_ACTIVATE side=short unreal_r=1.923
1763647200	10167	SIGNAL_IGNORED side=short (position open)
1763674200	10197	EXIT side=short r=8.424 reason=trail
1763773200	10307	EPISODE_START pct=0.1875
1763820900	10360	EPISODE_FREEZE bars=53 range=[83466.35,85175.41]
1763823600	10363	EPISODE_EXPIRED
1763824500	10364	EPISODE_START pct=0.0625
1763854200	10397	EPISODE_FREEZE bars=33 range=[83968.23,85225.39]
1763856900	10400	EPISODE_EXPIRED
1763892900	10440	EPISODE_START pct=0.1979
1763899200	10447	EPISODE_FREEZE bars=7 range=[85777.75,86379.57]
1763899200	10447	ENTRY side=long price=86561.45 atr=257.9589 stop=86174.51
1763911800	10461	TRAIL_ACTIVATE side=long unreal_r=1.063
1763939700	10492	EXIT side=long r=1.210 reason=trail
1764020700	10582	EPISODE_START pct=0.1875
1764073800	10641	EPISODE_FREEZE bars=59 range=[86637.83,89019.72]
1764076500	10644	EPISODE_EXPIRED
1764141300	10716	EPISODE_START pct=0.1979
1764163800	10741	EPISODE_FREEZE bars=25 range=[86260.59,87937.50]
1764166500	10744	EPISODE_EXPIRED
1764232200	10817	EPISODE_START pct=0.1875
1764250200	10837	EPISODE_FREEZE bars=20 range=[90410.95,91898.23]
1764252900	10840	EPISODE_EXPIRED
1764270900	10860	EPISODE_START pct=0.1979
1764292500	10884	EPISODE_FREEZE bars=24 range=[90828.29,91689.33]
1764294300	10886	ENTRY side=short price=90754.65 atr=217.7427 stop=91081.27
1764299700	10892	EXIT side=short r=-1.251 reason=stop
1764303300	10896	EPISODE_START pct=0.1979
1764315000	10909	EPISODE_FREEZE bars=13 range=[91117.29,91688.72]
1764315000	10909	ENTRY side=short price=91023.78 atr=205.7869 stop=91332.46
1764319500	10914	EXIT side=short r=-1.935 reason=stop
1764377100	10978	EPISODE_START pct=0.1979
1764438300	11040	EPISODE_FREEZE bars=62 range=[90274.14,91078.94]
1764440100	11042	ENTRY side=short price=90252.86 atr=200.2611 stop=90553.25
1764441900	11044	EXIT side=short r=-1.332 reason=stop
1764468900	11074	EPISODE_START pct=0.1979
1764469800	11075	EPISODE_FREEZE bars=1 range=[90858.76,90950.38]
1764469800	11075	ENTRY side=short price=90812.76 atr=145.1289 stop=91030.45
1764471600	11077	TRAIL_ACTIVATE side=short unreal_r=1.118
1764477000	11083	EPISODE_START pct=0.1979
1764490500	11098	EXIT side=short r=-1.342 reason=trail
1764490500	11098	EPISODE_FREEZE bars=15 range=[90626.39,90999.65]
1764490500	11098	ENTRY side=long price=91104.82 atr=143.8516 stop=90889.04
1764493200	11101	TRAIL_ACTIVATE side=long unreal_r=1.536
1764503100	11112	EXIT side=long r=-0.481 reason=trail
1764653400	11279	EPISODE_START pct=0.1771
1764666000	11293	EPISODE_FREEZE bars=14 range=[86323.70,87145.95]
1764668700	11296	EPISODE_EXPIRED
1764669600	11297	EPISODE_START pct=0.1875
1764672300	11300	EPISODE_FREEZE bars=3 range=[86724.13,87041.06]
1764672300	11300	ENTRY side=long price=87241.97 atr=276.8130 stop=86826.75
1764677700	11306	EPISODE_START pct=0.1875
1764678600	11307	EPISODE_FREEZE bars=1 range=[87300.16,87449.41]
1764678600	11307	SIGNAL_IGNORED side=short (position open)
1764679500	11308	EPISODE_START pct=0.1667
1764683100	11312	TRAIL_ACTIVATE side=long unreal_r=1.082
1764683100	11312	EPISODE_FREEZE bars=4 range=[87004.83,87533.70]
1764683100	11312	SIGNAL_IGNORED side=long (position open)
1764706500	11338	EXIT side=long r=8.863 reason=trail
1764753300	11390	EPISODE_START pct=0.1979
1764770400	11409	EPISODE_FREEZE bars=19 range=[92621.68,93338.55]
1764770400	11409	ENTRY side=short price=91980.51 atr=341.8949 stop=92493.35
1764771300	11410	EXIT side=short r=-1.008 reason=stop
1764828000	11473	EPISODE_START pct=0.1979
1764835200	11481	EPISODE_FREEZE bars=8 range=[92801.45,93386.63]
1764837900	11484	EPISODE_EXPIRED
1764839700	11486	EPISODE_START pct=0.1354
1764854100	11502	EPISODE_FREEZE bars=16 range=[92440.94,93578.71]
1764856800	11505	EPISODE_EXPIRED
1764857700	11506	EPISODE_START pct=0.1771
1764858600	11507	EPISODE_FREEZE bars=1 range=[92558.21,92788.35]
1764858600	11507	ENTRY side=short price=92551.00 atr=278.9782 stop=92969.47
1764859500	11508	TRAIL_ACTIVATE side=short unreal_r=1.628
1764862200	11511	EXIT side=short r=-1.081 reason=trail
1764899100	11552	EPISODE_START pct=0.1458
1764911700	11566	EPISODE_FREEZE bars=14 range=[91756.39,92659.48]
1764914400	11569	EPISODE_EXPIRED
1764915300	11570	EPISODE_START pct=0.0104
1764927000	11583	EPISODE_FREEZE bars=13 range=[91264.25,92455.60]
1764927000	11583	ENTRY side=short price=91014.16 atr=254.6956 stop=91396.21
1764930600	11587	EXIT side=short r=-1.123 reason=stop
1764938700	11596	EPISODE_START pct=0.1771
1764940500	11598	EPISODE_FREEZE bars=2 range=[91034.72,91313.65]
1764940500	11598	ENTRY side=short price=90760.10 atr=262.9232 stop=91154.49
1764945000	11603	TRAIL_ACTIVATE side=short unreal_r=1.475
1764946800	11605	EXIT side=short r=-0.595 reason=trail
1764987300	11650	EPISODE_START pct=0.1562
1765032300	11700	EPISODE_FREEZE bars=50 range=[89159.58,90232.79]
1765035000	11703	EPISODE_EXPIRED
1765061100	11724	EPISODE_START pct=0.1771
1765062000	11725	EPISODE_FREEZE bars=1 range=[89212.28,89318.61]
1765062000	11725	ENTRY side=short price=89128.78 atr=168.1226 stop=89380.96
1765067400	11731	EXIT side=short r=-1.295 reason=stop
1765077300	11742	EPISODE_START pct=0.1458
1765092600	11759	EPISODE_FREEZE bars=17 range=[89280.05,89749.99]
1765092600	11759	ENTRY side=short price=89206.13 atr=142.8156 stop=89420.36
1765096200	11763	EXIT side=short r=-1.048 reason=stop
1765187100	11864	EPISODE_START pct=0.1875
1765203300	11882	EPISODE_FREEZE bars=18 range=[91296.50,92181.94]
1765205100	11884	ENTRY side=short price=90825.88 atr=346.8915 stop=91346.21
1765206000	11885	TRAIL_ACTIVATE side=short unreal_r=1.240
1765226700	11908	EXIT side=short r=0.156 reason=trail
1765268100	11954	EPISODE_START pct=0.1562
1765287000	11975	EPISODE_FREEZE bars=21 range=[89880.13,90692.21]
1765289700	11978	EPISODE_EXPIRED
1765345500	12040	EPISODE_START pct=0.1562
1765360800	12057	EPISODE_FREEZE bars=17 range=[92352.40,92891.19]
1765360800	12057	ENTRY side=long price=92939.93 atr=197.7659 stop=92643.28
1765361700	12058	EXIT side=long r=-1.769 reason=stop
1765445400	12151	EPISODE_START pct=0.1979
1765464300	12172	EPISODE_FREEZE bars=21 range=[89729.64,90473.48]
1765464300	12172	ENTRY side=short price=89529.11 atr=280.7155 stop=89950.18
1765465200	12173	EXIT side=short r=-1.354 reason=stop
1765522800	12237	EPISODE_START pct=0.1979
1765532700	12248	EPISODE_FREEZE bars=11 range=[92050.12,92528.66]
1765535400	12251	EPISODE_EXPIRED
1765536300	12252	EPISODE_START pct=0.1250
1765549800	12267	EPISODE_FREEZE bars=15 range=[92036.40,92540.56]
1765551600	12269	ENTRY side=short price=91929.94 atr=256.0290 stop=92313.98
1765552500	12270	TRAIL_ACTIVATE side=short unreal_r=2.945
1765563300	12282	EXIT side=short r=3.751 reason=trail
1765584900	12306	EPISODE_START pct=0.1979
1765626300	12352	EPISODE_FREEZE bars=46 range=[90076.76,90599.07]
1765629000	12355	EPISODE_EXPIRED
1765656900	12386	EPISODE_START pct=0.1250
1765658700	12388	EPISODE_FREEZE bars=2 range=[90073.74,90137.76]
1765658700	12388	ENTRY side=short price=90058.46 atr=95.0739 stop=90201.07
1765670400	12401	EXIT side=short r=-1.252 reason=stop
1765684800	12417	EPISODE_START pct=0.1771
1765686600	12419	EPISODE_FREEZE bars=2 range=[90206.64,90284.30]
1765686600	12419	ENTRY side=short price=90128.88 atr=98.0396 stop=90275.94
1765695600	12429	EPISODE_START pct=0.0625
1765704600	12439	TRAIL_ACTIVATE side=short unreal_r=1.079
1765706400	12441	EPISODE_FREEZE bars=12 range=[89963.31,90249.98]
1765706400	12441	SIGNAL_IGNORED side=short (position open)
1765712700	12448	EXIT side=short r=5.582 reason=trail
1765783800	12527	EPISODE_START pct=0.1875
1765808100	12554	EPISODE_FREEZE bars=27 range=[89237.04,89939.69]
1765809000	12555	ENTRY side=short price=89220.89 atr=248.9589 stop=89594.33
1765809900	12556	TRAIL_ACTIVATE side=short unreal_r=3.262
1765839600	12589	EXIT side=short r=7.548 reason=trail
1765878300	12632	EPISODE_START pct=0.1979
1765881000	12635	EPISODE_FREEZE bars=3 range=[86208.06,86470.40]
1765881000	12635	ENTRY side=long price=87088.21 atr=277.1874 stop=86672.43
1765892700	12648	EXIT side=long r=-1.657 reason=stop
1765927800	12687	EPISODE_START pct=0.1250
1765948500	12710	EPISODE_FREEZE bars=23 range=[86383.54,87925.60]
1765951200	12713	EPISODE_EXPIRED
1765955700	12718	EPISODE_START pct=0.1771
1765956600	12719	EPISODE_FREEZE bars=1 range=[86560.16,86718.09]
1765956600	12719	ENTRY side=long price=86975.84 atr=252.1431 stop=86597.63
1765959300	12722	EXIT side=long r=-1.310 reason=stop
1765962000	12725	EPISODE_START pct=0.1875
1765962900	12726	EPISODE_FREEZE bars=1 range=[86309.69,86478.06]
1765962900	12726	ENTRY side=short price=86301.76 atr=246.6084 stop=86671.67
1765964700	12728	EPISODE_START pct=0.1042
1765965600	12729	EPISODE_FREEZE bars=1 range=[86368.84,86449.35]
1765965600	12729	SIGNAL_IGNORED side=long (position open)
1765967400	12731	EXIT side=short r=-1.034 reason=stop
1765973700	12738	EPISODE_START pct=0.1875
1765974600	12739	EPISODE_FREEZE bars=1 range=[86948.70,87125.86]
1765974600	12739	ENTRY side=short price=86811.43 atr=242.8589 stop=87175.72
1765978200	12743	EXIT side=short r=-1.458 reason=stop
1766034000	12805	EPISODE_START pct=0.1979
1766062800	12837	EPISODE_FREEZE bars=32 range=[86333.77,87407.28]
1766062800	12837	ENTRY side=long price=87862.40 atr=239.1906 stop=87503.61
1766064600	12839	TRAIL_ACTIVATE side=long unreal_r=2.390
1766068200	12843	EXIT side=long r=-0.219 reason=trail
1766136600	12919	EPISODE_START pct=0.1771
1766154600	12939	EPISODE_FREEZE bars=20 range=[87800.67,88342.98]
1766154600	12939	ENTRY side=long price=88479.51 atr=334.0266 stop=87978.47
1766159100	12944	EXIT side=long r=-1.107 reason=stop
1766187000	12975	EPISODE_START pct=0.1771
1766237400	13031	EPISODE_FREEZE bars=56 range=[87802.15,88521.60]
1766240100	13034	EPISODE_EXPIRED
1766242800	13037	EPISODE_START pct=0.1979
1766243700	13038	EPISODE_FREEZE bars=1 range=[88138.34,88234.15]
1766243700	13038	ENTRY side=short price=88069.87 atr=128.5549 stop=88262.71
1766245500	13040	EPISODE_START pct=0.1875
1766256300	13052	EXIT side=short r=-1.075 reason=stop
1766277000	13075	EPISODE_FREEZE bars=35 range=[88059.86,88418.12]
1766279700	13078	EPISODE_EXPIRED
1766297700	13098	EPISODE_START pct=0.1875
1766305800	13107	EPISODE_FREEZE bars=9 range=[88013.10,88236.74]
1766305800	13107	ENTRY side=long price=88578.94 atr=116.6337 stop=88403.99
1766309400	13111	TRAIL_ACTIVATE side=long unreal_r=1.301
1766322000	13125	EXIT side=long r=-1.599 reason=trail
1766448000	13265	EPISODE_START pct=0.1667
1766449800	13267	EPISODE_FREEZE bars=2 range=[88461.21,88671.80]
1766449800	13267	ENTRY side=long price=88703.46 atr=256.0238 stop=88319.43
1766450700	13268	EPISODE_START pct=0.1771
1766457000	13275	EXIT side=long r=-1.237 reason=stop
1766457000	13275	EPISODE_FREEZE bars=7 range=[88254.70,88854.48]
1766457000	13275	ENTRY side=short price=88228.30 atr=254.8458 stop=88610.57
1766463300	13282	EPISODE_START pct=0.1250
1766467800	13287	TRAIL_ACTIVATE side=short unreal_r=1.259
1766469600	13289	EPISODE_FREEZE bars=7 range=[87571.29,88339.90]
1766469600	13289	SIGNAL_IGNORED side=short (position open)
1766475900	13296	EPISODE_START pct=0.1667
1766500200	13323	EPISODE_FREEZE bars=27 range=[87268.98,87905.66]
1766501100	13324	SIGNAL_IGNORED side=short (position open)
1766505600	13329	EXIT side=short r=1.350 reason=trail
1766558700	13388	EPISODE_START pct=0.1875
1766565900	13396	EPISODE_FREEZE bars=8 range=[86750.03,87146.81]
1766568600	13399	EPISODE_EXPIRED
1766569500	13400	EPISODE_START pct=0.0208
1766586600	13419	EPISODE_FREEZE bars=19 range=[86750.48,87449.90]
1766589300	13422	EPISODE_EXPIRED
1766609100	13444	EPISODE_START pct=0.1875
1766618100	13454	EPISODE_FREEZE bars=10 range=[87484.81,88018.23]
1766620800	13457	EPISODE_EXPIRED
1766621700	13458	EPISODE_START pct=0.1042
1766659500	13500	EPISODE_FREEZE bars=42 range=[87218.02,87933.66]
1766662200	13503	EPISODE_EXPIRED
1766663100	13504	EPISODE_START pct=0.1562
1766669400	13511	EPISODE_FREEZE bars=7 range=[87363.23,87555.24]
1766669400	13511	ENTRY side=long price=87577.99 atr=116.7951 stop=87402.79
1766675700	13518	TRAIL_ACTIVATE side=long unreal_r=2.631
1766681100	13524	EXIT side=long r=2.689 reason=trail
1766754900	13606	EPISODE_START pct=0.1875
1766755800	13607	EPISODE_FREEZE bars=1 range=[88716.20,88812.50]
1766755800	13607	ENTRY side=long price=88880.98 atr=171.5095 stop=88623.72
1766758500	13610	EPISODE_START pct=0.1458
1766759400	13611	EXIT side=long r=-1.988 reason=stop
1766759400	13611	EPISODE_FREEZE bars=1 range=[88887.09,88982.38]
1766759400	13611	ENTRY side=short price=88369.65 atr=207.2893 stop=88680.58
1766760300	13612	TRAIL_ACTIVATE side=short unreal_r=3.210
1766777400	13631	EXIT side=short r=3.028 reason=trail
1766785500	13640	EPISODE_START pct=0.1979
1766831400	13691	EPISODE_FREEZE bars=51 range=[87202.96,87669.70]
1766834100	13694	EPISODE_EXPIRED
1766838600	13699	EPISODE_START pct=0.1979
1766840400	13701	EPISODE_FREEZE bars=2 range=[87411.01,87485.06]
1766840400	13701	ENTRY side=short price=87399.69 atr=79.2098 stop=87518.51
1766841300	13702	EPISODE_START pct=0.1562
1766842200	13703	EPISODE_FREEZE bars=1 range=[87355.62,87412.31]
1766842200	13703	SIGNAL_IGNORED side=long (position open)
1766844900	13706	EPISODE_START pct=0.1562
1766845800	13707	EPISODE_FREEZE bars=1 range=[87371.13,87425.28]
1766845800	13707	SIGNAL_IGNORED side=long (position open)
1766846700	13708	EPISODE_START pct=0.1146
1766849400	13711	EXIT side=short r=-1.278 reason=stop
1766853000	13715	EPISODE_FREEZE bars=7 range=[87397.73,87555.12]
1766855700	13718	EPISODE_EXPIRED
1766856600	13719	EPISODE_START pct=0.0104
1766873700	13738	EPISODE_FREEZE bars=19 range=[87418.30,87866.80]
1766876400	13741	EPISODE_EXPIRED
1766907900	13776	EPISODE_START pct=0.1979
1766908800	13777	EPISODE_FREEZE bars=1 range=[87639.97,87697.78]
1766908800	13777	ENTRY side=long price=87762.98 atr=70.8946 stop=87656.63
1766909700	13778	EPISODE_START pct=0.1979
1766910600	13779	EPISODE_FREEZE bars=1 range=[87738.05,87772.49]
1766910600	13779	SIGNAL_IGNORED side=long (position open)
1766916900	13786	TRAIL_ACTIVATE side=long unreal_r=1.488
1766938500	13810	EXIT side=long r=-0.137 reason=trail
1767047400	13931	EPISODE_START pct=0.1875
1767081600	13969	EPISODE_FREEZE bars=38 range=[86795.53,87573.01]
1767081600	13969	ENTRY side=long price=87845.30 atr=170.8785 stop=87588.98
1767090600	13979	TRAIL_ACTIVATE side=long unreal_r=1.038
1767098700	13988	EPISODE_START pct=0.1458
1767101400	13991	EPISODE_FREEZE bars=3 range=[87874.37,88094.08]
1767104100	13994	EPISODE_EXPIRED
1767106800	13997	EXIT side=long r=1.807 reason=trail
1767142800	14037	EPISODE_START pct=0.1875
1767143700	14038	EPISODE_FREEZE bars=1 range=[88134.25,88290.22]
1767143700	14038	ENTRY side=long price=88542.66 atr=181.6568 stop=88270.18
1767155400	14051	EPISODE_START pct=0.1354
1767178800	14077	TRAIL_ACTIVATE side=long unreal_r=1.029
1767188700	14088	EPISODE_FREEZE bars=37 range=[88283.74,88999.90]
1767189600	14089	SIGNAL_IGNORED side=long (position open)
1767192300	14092	EXIT side=long r=-0.355 reason=trail
1767238200	14143	EPISODE_START pct=0.0833
1767240000	14145	EPISODE_FREEZE bars=2 range=[87802.02,87924.95]
1767240000	14145	ENTRY side=short price=87625.84 atr=128.8844 stop=87819.17
1767242700	14148	EPISODE_START pct=0.1771
1767243600	14149	EPISODE_FREEZE bars=1 range=[87528.25,87630.95]
1767243600	14149	SIGNAL_IGNORED side=long (position open)
1767244500	14150	EPISODE_START pct=0.1042
1767258000	14165	EXIT side=short r=-1.018 reason=stop
1767277800	14187	EPISODE_FREEZE bars=37 range=[87559.07,87999.95]
1767280500	14190	EPISODE_EXPIRED
1767411000	14335	EPISODE_START pct=0.1667
1767412800	14337	EPISODE_FREEZE bars=2 range=[90150.03,90347.17]
1767414600	14339	ENTRY side=short price=90028.56 atr=165.9156 stop=90277.43
1767415500	14340	EPISODE_START pct=0.1458
1767423600	14349	TRAIL_ACTIVATE side=short unreal_r=1.212
1767424500	14350	EPISODE_FREEZE bars=10 range=[89711.89,90158.74]
1767424500	14350	SIGNAL_IGNORED side=short (position open)
1767432600	14359	EXIT side=short r=0.570 reason=trail
1767435300	14362	EPISODE_START pct=0.1979
1767478500	14410	EPISODE_FREEZE bars=48 range=[89619.88,90713.87]
1767481200	14413	EPISODE_EXPIRED
1767559500	14500	EPISODE_START pct=0.1979
1767560400	14501	EPISODE_FREEZE bars=1 range=[91215.01,91308.12]
1767560400	14501	ENTRY side=long price=91313.37 atr=145.0123 stop=91095.86
1767561300	14502	EPISODE_START pct=0.1562
1767564000	14505	EPISODE_FREEZE bars=3 range=[91142.09,91320.14]
1767566700	14508	EPISODE_EXPIRED
1767571200	14513	TRAIL_ACTIVATE side=long unreal_r=2.546
1767579300	14522	EXIT side=long r=6.377 reason=trail
1767674700	14628	EPISODE_START pct=0.1354
1767683700	14638	EPISODE_FREEZE bars=10 range=[93499.56,93903.61]
1767683700	14638	ENTRY side=short price=93358.49 atr=191.2084 stop=93645.30
1767688200	14643	EPISODE_START pct=0.1458
1767690000	14645	EPISODE_FREEZE bars=2 range=[93130.41,93305.17]
1767690000	14645	SIGNAL_IGNORED side=long (position open)
1767691800	14647	EPISODE_START pct=0.1354
1767697200	14653	EXIT side=short r=-1.339 reason=stop
1767708900	14666	EPISODE_FREEZE bars=19 range=[93338.10,94149.01]
1767708900	14666	ENTRY side=long price=94279.95 atr=187.0143 stop=93999.43
1767710700	14668	EXIT side=long r=-1.707 reason=stop
1767771900	14736	EPISODE_START pct=0.1667
1767776400	14741	EPISODE_FREEZE bars=5 range=[92657.37,92928.23]
1767776400	14741	ENTRY side=short price=92237.39 atr=192.0111 stop=92525.41
1767777300	14742	TRAIL_ACTIVATE side=short unreal_r=1.099
1767786300	14752	EPISODE_START pct=0.1979
1767791700	14758	EPISODE_FREEZE bars=6 range=[91815.55,92158.11]
1767791700	14758	SIGNAL_IGNORED side=long (position open)
1767792600	14759	EPISODE_START pct=0.1979
1767794400	14761	EPISODE_FREEZE bars=2 range=[91978.27,92212.56]
1767794400	14761	SIGNAL_IGNORED side=short (position open)
1767833100	14804	EXIT side=short r=3.056 reason=trail
1767878100	14854	EPISODE_START pct=0.1771
1767881700	14858	EPISODE_FREEZE bars=4 range=[89686.15,90072.90]
1767881700	14858	ENTRY side=short price=89604.55 atr=250.4100 stop=89980.16
1767884400	14861	EXIT side=short r=-1.774 reason=stop
1767914100	14894	EPISODE_START pct=0.1250
1767922200	14903	EPISODE_FREEZE bars=9 range=[90974.77,91494.46]
1767922200	14903	ENTRY side=short price=90911.52 atr=255.1143 stop=91294.19
1767924000	14905	EXIT side=short r=-1.259 reason=stop
1767932100	14914	EPISODE_START pct=0.1458
1767948300	14932	EPISODE_FREEZE bars=18 range=[90255.87,91116.27]
1767948300	14932	ENTRY side=short price=89993.04 atr=230.3603 stop=90338.58
1767950100	14934	EXIT side=short r=-1.079 reason=stop
1767955500	14940	EPISODE_START pct=0.1771
1767965400	14951	EPISODE_FREEZE bars=11 range=[90182.54,90680.63]
1767968100	14954	EPISODE_EXPIRED
1768006800	14997	EPISODE_START pct=0.1250
1768085100	15084	EPISODE_FREEZE bars=87 range=[90358.43,90800.08]
1768087800	15087	EPISODE_EXPIRED
1768106700	15108	EPISODE_START pct=0.1875
1768110300	15112	EPISODE_FREEZE bars=4 range=[90696.08,90778.79]
1768112100	15114	ENTRY side=short price=90627.54 atr=70.9055 stop=90733.90
1768121100	15124	EXIT side=short r=-1.186 reason=stop
1768131000	15135	EPISODE_START pct=0.1979
1768132800	15137	EPISODE_FREEZE bars=2 range=[90652.95,90700.01]
1768132800	15137	ENTRY side=long price=90754.73 atr=60.1623 stop=90664.48
1768134600	15139	TRAIL_ACTIVATE side=long unreal_r=1.089
1768143600	15149	EXIT side=long r=1.276 reason=trail
1768262400	15281	EPISODE_START pct=0.1771
1768264200	15283	EPISODE_FREEZE bars=2 range=[91215.45,91487.43]
1768266900	15286	EPISODE_EXPIRED
1768268700	15288	EPISODE_START pct=0.1146
1768281300	15302	EPISODE_FREEZE bars=14 range=[91056.53,91717.70]
1768281300	15302	ENTRY side=long price=92055.35 atr=215.2181 stop=91732.52
1768290300	15312	EPISODE_START pct=0.1250
1768294800	15317	TRAIL_ACTIVATE side=long unreal_r=1.064
1768295700	15318	EPISODE_FREEZE bars=6 range=[91871.49,92399.95]
1768295700	15318	SIGNAL_IGNORED side=long (position open)
1768305600	15329	EPISODE_START pct=0.1875
1768306500	15330	EPISODE_FREEZE bars=1 range=[91867.31,92028.03]
1768306500	15330	SIGNAL_IGNORED side=long (position open)
1768307400	15331	EPISODE_START pct=0.1354
1768311000	15335	EPISODE_FREEZE bars=4 range=[91942.83,92125.53]
1768311000	15335	SIGNAL_IGNORED side=long (position open)
1768367700	15398	EXIT side=long r=9.107 reason=trail
1768380300	15412	EPISODE_START pct=0.1979
1768386600	15419	EPISODE_FREEZE bars=7 range=[94841.73,95252.39]
1768389300	15422	EPISODE_EXPIRED
1768390200	15423	EPISODE_START pct=0.0833
1768400100	15434	EPISODE_FREEZE bars=11 range=[94643.04,95479.70]
1768400100	15434	ENTRY side=long price=95599.45 atr=230.1552 stop=95254.22
1768401900	15436	TRAIL_ACTIVATE side=long unreal_r=2.443
1768412700	15448	EXIT side=long r=3.755 reason=trail
1768472100	15514	EPISODE_START pct=0.1875
1768487400	15531	EPISODE_FREEZE bars=17 range=[96472.03,97099.95]
1768487400	15531	ENTRY side=short price=95766.84 atr=288.7384 stop=96199.95
1768489200	15533	EXIT side=short r=-1.022 reason=stop
1768527900	15576	EPISODE_START pct=0.1667
1768529700	15578	EPISODE_FREEZE bars=2 range=[95400.05,95728.71]
1768532400	15581	EPISODE_EXPIRED
1768533300	15582	EPISODE_START pct=0.0521
1768572900	15626	EPISODE_FREEZE bars=44 range=[95111.35,95805.16]
1768575600	15629	EPISODE_EXPIRED
1768612500	15670	EPISODE_START pct=0.1979
1768660200	15723	EPISODE_FREEZE bars=53 range=[94977.64,95454.29]
1768662900	15726	ENTRY side=long price=95466.60 atr=97.8709 stop=95319.80
1768668300	15732	EXIT side=long r=-1.373 reason=stop
1768679100	15744	EPISODE_START pct=0.1771
1768689900	15756	EPISODE_FREEZE bars=12 range=[95017.14,95366.71]
1768692600	15759	EPISODE_EXPIRED
1768718700	15788	EPISODE_START pct=0.1458
1768719600	15789	EPISODE_FREEZE bars=1 range=[95110.73,95152.72]
1768719600	15789	ENTRY side=short price=95045.01 atr=78.7216 stop=95163.09
1768720500	15790	EPISODE_START pct=0.1667
1768721400	15791	EPISODE_FREEZE bars=1 range=[95018.78,95073.06]
1768721400	15791	SIGNAL_IGNORED side=short (position open)
1768722300	15792	EPISODE_START pct=0.1667
1768728600	15799	EXIT side=short r=-1.343 reason=stop
1768730400	15801	EPISODE_FREEZE bars=9 range=[94979.95,95252.56]
1768733100	15804	EPISODE_EXPIRED
1768734000	15805	EPISODE_START pct=0.1146
1768742100	15814	EPISODE_FREEZE bars=9 range=[94956.07,95146.49]
1768742100	15814	ENTRY side=short price=94925.28 atr=80.0096 stop=95045.29
1768743000	15815	EXIT side=short r=-1.615 reason=stop
1768848300	15932	EPISODE_START pct=0.1979
1768863600	15949	EPISODE_FREEZE bars=17 range=[92523.45,93312.10]
1768863600	15949	ENTRY side=short price=92404.36 atr=191.2833 stop=92691.29
1768871700	15958	EXIT side=short r=-1.446 reason=stop
1768970700	16068	EPISODE_START pct=0.1875
1768980600	16079	EPISODE_FREEZE bars=11 range=[89384.20,90085.85]
1768980600	16079	ENTRY side=short price=89181.68 atr=239.1878 stop=89540.46
1768986000	16085	EPISODE_START pct=0.1875
1768988700	16088	EPISODE_FREEZE bars=3 range=[89127.91,89448.95]
1768988700	16088	SIGNAL_IGNORED side=short (position open)
1768990500	16090	EPISODE_START pct=0.1562
1768995900	16096	TRAIL_ACTIVATE side=short unreal_r=1.183
1768996800	16097	EPISODE_FREEZE bars=7 range=[88652.99,89356.62]
1768996800	16097	SIGNAL_IGNORED side=short (position open)
1769004000	16105	EXIT side=short r=-0.933 reason=trail
1769058000	16165	EPISODE_START pct=0.1667
1769088600	16199	EPISODE_FREEZE bars=34 range=[89718.00,90171.15]
1769088600	16199	ENTRY side=short price=89572.97 atr=182.7449 stop=89847.09
1769093100	16204	TRAIL_ACTIVATE side=short unreal_r=1.865
1769101200	16213	EXIT side=short r=1.430 reason=trail
1769139900	16256	EPISODE_START pct=0.1667
1769145300	16262	EPISODE_FREEZE bars=6 range=[89819.23,90047.65]
1769145300	16262	ENTRY side=short price=89601.15 atr=172.5294 stop=89859.94
1769146200	16263	EPISODE_START pct=0.1771
1769147100	16264	EPISODE_FREEZE bars=1 range=[89574.18,89663.07]
1769147100	16264	SIGNAL_IGNORED side=short (position open)
1769156100	16274	TRAIL_ACTIVATE side=short unreal_r=1.202
1769167800	16287	EPISODE_START pct=0.1562
1769177700	16298	EXIT side=short r=-0.207 reason=trail
1769178600	16299	EPISODE_FREEZE bars=12 range=[89056.62,89667.16]
1769178600	16299	ENTRY side=short price=88922.05 atr=234.3653 stop=89273.60
1769183100	16304	EXIT side=short r=-2.251 reason=stop
1769220900	16346	EPISODE_START pct=0.1667
1769263200	16393	EPISODE_FREEZE bars=47 range=[89321.70,89894.10]
1769265900	16396	EPISODE_EXPIRED
1769266800	16397	EPISODE_START pct=0.1979
1769267700	16398	EPISODE_FREEZE bars=1 range=[89383.95,89456.70]
1769267700	16398	ENTRY side=short price=89353.93 atr=73.5500 stop=89464.25
1769269500	16400	TRAIL_ACTIVATE side=short unreal_r=1.077
1769284800	16417	EPISODE_START pct=0.1875
1769292000	16425	EXIT side=short r=-0.651 reason=trail
1769292000	16425	EPISODE_FREEZE bars=8 range=[89221.88,89363.04]
1769292000	16425	ENTRY side=long price=89425.73 atr=66.8622 stop=89325.43
1769293800	16427	EXIT side=long r=-1.683 reason=stop
1769427000	16575	EPISODE_START pct=0.1979
1769437800	16587	EPISODE_FREEZE bars=12 range=[87599.75,88004.46]
1769437800	16587	ENTRY side=long price=88111.26 atr=244.0139 stop=87745.23
1769439600	16589	TRAIL_ACTIVATE side=long unreal_r=1.543
1769441400	16591	EXIT side=long r=-1.827 reason=trail
1769475600	16629	EPISODE_START pct=0.1875
1769477400	16631	EPISODE_FREEZE bars=2 range=[88162.27,88426.73]
1769477400	16631	ENTRY side=long price=88604.49 atr=239.8461 stop=88244.72
1769480100	16634	EPISODE_START pct=0.1771
1769481000	16635	EPISODE_FREEZE bars=1 range=[88510.37,88700.09]
1769481900	16636	SIGNAL_IGNORED side=long (position open)
1769483700	16638	EPISODE_START pct=0.1875
1769501700	16658	EXIT side=long r=-1.142 reason=stop
1769522400	16681	EPISODE_FREEZE bars=43 range=[87708.70,88976.34]
1769524200	16683	ENTRY side=short price=87646.51 atr=202.5497 stop=87950.34
1769528700	16688	EXIT side=short r=-1.169 reason=stop
1769669100	16844	EPISODE_START pct=0.1562
1769674500	16850	EPISODE_FREEZE bars=6 range=[87907.79,88387.85]
1769674500	16850	ENTRY side=long price=88412.07 atr=219.3742 stop=88083.01
1769676300	16852	EXIT side=long r=-1.171 reason=stop
1769678100	16854	EPISODE_START pct=0.1875
1769697900	16876	EPISODE_FREEZE bars=22 range=[87516.91,88120.55]
1769697900	16876	ENTRY side=short price=86976.22 atr=233.8205 stop=87326.95
1769698800	16877	TRAIL_ACTIVATE side=short unreal_r=4.824
1769705100	16884	EXIT side=short r=4.978 reason=trail
1769778900	16966	EPISODE_START pct=0.1667
1769779800	16967	EPISODE_FREEZE bars=1 range=[82605.97,82775.29]
1769779800	16967	ENTRY side=long price=82884.01 atr=328.0053 stop=82392.00
1769782500	16970	EPISODE_START pct=0.1979
1769783400	16971	TRAIL_ACTIVATE side=long unreal_r=1.496
1769783400	16971	EPISODE_FREEZE bars=1 range=[82895.85,83082.30]
1769783400	16971	SIGNAL_IGNORED side=long (position open)
1769786100	16974	EXIT side=long r=-0.605 reason=trail
1769820300	17012	EPISODE_START pct=0.1979
1769848200	17043	EPISODE_FREEZE bars=31 range=[83014.50,84225.68]
1769848200	17043	ENTRY side=short price=82747.82 atr=223.2862 stop=83082.75
1769850000	17045	EXIT side=short r=-1.098 reason=stop
1769857200	17053	EPISODE_START pct=0.1979
1769860800	17057	EPISODE_FREEZE bars=4 range=[82823.70,83121.43]
1769860800	17057	ENTRY side=short price=82807.20 atr=210.1201 stop=83122.38
1769868000	17065	TRAIL_ACTIVATE side=short unreal_r=1.260
1769886000	17085	EXIT side=short r=14.620 reason=trail
1769938200	17143	EPISODE_START pct=0.1979
1769939100	17144	EPISODE_FREEZE bars=1 range=[78644.46,78877.76]
1769939100	17144	ENTRY side=long price=78995.95 atr=296.8685 stop=78550.64
1769940900	17146	EPISODE_START pct=0.1771
1769941800	17147	EXIT side=long r=-1.483 reason=stop
1769941800	17147	EPISODE_FREEZE bars=1 range=[78949.03,79142.82]
1769941800	17147	ENTRY side=short price=78335.70 atr=319.8768 stop=78815.52
1769949900	17156	EPISODE_START pct=0.1354
1769955300	17162	TRAIL_ACTIVATE side=short unreal_r=1.075
1769955300	17162	EPISODE_FREEZE bars=6 range=[78061.40,78732.21]
1769955300	17162	SIGNAL_IGNORED side=short (position open)
1769968800	17177	EXIT side=short r=0.260 reason=trail
1770032700	17248	EPISODE_START pct=0.1667
1770042600	17259	EPISODE_FREEZE bars=11 range=[77584.88,78406.06]
1770042600	17259	ENTRY side=long price=78464.33 atr=440.5989 stop=77803.43
1770043500	17260	EXIT side=long r=-1.018 reason=stop
1770057900	17276	EPISODE_START pct=0.1979
1770088500	17310	EPISODE_FREEZE bars=34 range=[77622.59,79156.85]
1770091200	17313	EPISODE_EXPIRED
1770095700	17318	EPISODE_START pct=0.1979
1770099300	17322	EPISODE_FREEZE bars=4 range=[77902.99,78489.94]
1770099300	17322	ENTRY side=long price=78527.31 atr=347.5840 stop=78005.94
1770101100	17324	EPISODE_START pct=0.1979
1770102000	17325	EPISODE_FREEZE bars=1 range=[78428.35,78635.56]
1770102000	17325	SIGNAL_IGNORED side=long (position open)
1770102900	17326	EPISODE_START pct=0.1875
1770106500	17330	EPISODE_FREEZE bars=4 range=[78432.52,78896.70]
1770107400	17331	SIGNAL_IGNORED side=long (position open)
1770110100	17334	EXIT side=long r=-1.165 reason=stop
1770116400	17341	EPISODE_START pct=0.1667
1770129900	17356	EPISODE_FREEZE bars=15 range=[77628.93,78422.10]
1770129900	17356	ENTRY side=short price=77165.93 atr=352.0935 stop=77694.07
1770133500	17360	EXIT side=short r=-1.759 reason=stop
1770185700	17418	EPISODE_START pct=0.1771
1770212700	17448	EPISODE_FREEZE bars=30 range=[75286.15,76758.82]
1770212700	17448	ENTRY side=short price=74841.35 atr=309.4361 stop=75305.51
1770213600	17449	EXIT side=short r=-1.019 reason=stop
1770286500	17530	EPISODE_START pct=0.1979
1770290100	17534	EPISODE_FREEZE bars=4 range=[70613.53,71693.60]
1770290100	17534	ENTRY side=short price=70019.25 atr=514.3022 stop=70790.70
1770298200	17543	EPISODE_START pct=0.1667
1770301800	17547	EPISODE_FREEZE bars=4 range=[69230.19,70284.41]
1770301800	17547	SIGNAL_IGNORED side=long (position open)
1770303600	17549	TRAIL_ACTIVATE side=short unreal_r=2.662
1770337800	17587	EXIT side=short r=9.196 reason=trail
1770372000	17625	EPISODE_START pct=0.1979
1770390900	17646	EPISODE_FREEZE bars=21 range=[65522.11,68582.59]
1770391800	17647	ENTRY side=long price=68752.97 atr=600.6856 stop=67851.94
1770395400	17651	TRAIL_ACTIVATE side=long unreal_r=1.103
1770414300	17672	EPISODE_START pct=0.1979
1770418800	17677	EPISODE_FREEZE bars=5 range=[70192.17,71540.15]
1770421500	17680	EPISODE_EXPIRED
1770422400	17681	EPISODE_START pct=0.1667
1770446700	17708	EXIT side=long r=-0.033 reason=trail
1770446700	17708	EPISODE_FREEZE bars=27 range=[69679.13,71663.10]
1770446700	17708	ENTRY side=short price=68723.68 atr=483.9091 stop=69449.54
1770447600	17709	TRAIL_ACTIVATE side=short unreal_r=1.086
1770462900	17726	EPISODE_START pct=0.1771
1770465600	17729	EPISODE_FREEZE bars=3 range=[67658.82,68064.69]
1770465600	17729	SIGNAL_IGNORED side=long (position open)
1770466500	17730	EXIT side=short r=-0.781 reason=trail
1770490800	17757	EPISODE_START pct=0.1875
1770539400	17811	EPISODE_FREEZE bars=54 range=[68737.38,70300.00]
1770539400	17811	ENTRY side=long price=70310.48 atr=291.2639 stop=69873.58
1770550200	17823	TRAIL_ACTIVATE side=long unreal_r=1.259
1770569100	17844	EXIT side=long r=0.188 reason=trail
1770684300	17972	EPISODE_START pct=0.1042
1770732000	18025	EPISODE_FREEZE bars=53 range=[68318.48,70479.80]
1770733800	18027	ENTRY side=short price=68207.59 atr=373.4990 stop=68767.84
1770736500	18030	EXIT side=short r=-1.739 reason=stop
1770767100	18064	EPISODE_START pct=0.1979
1770768900	18066	EPISODE_FREEZE bars=2 range=[68689.96,68943.95]
1770768900	18066	ENTRY side=long price=69149.30 atr=279.6088 stop=68729.88
1770770700	18068	EPISODE_START pct=0.1979
1770772500	18070	EPISODE_FREEZE bars=2 range=[68996.42,69263.04]
1770772500	18070	SIGNAL_IGNORED side=short (position open)
1770773400	18071	EPISODE_START pct=0.1875
1770777900	18076	EXIT side=long r=-1.209 reason=stop
1770779700	18078	EPISODE_FREEZE bars=7 range=[68479.87,69132.64]
1770779700	18078	ENTRY side=short price=68246.80 atr=274.4123 stop=68658.42
1770783300	18082	TRAIL_ACTIVATE side=short unreal_r=1.743
1770804900	18106	EPISODE_START pct=0.1458
1770805800	18107	EPISODE_FREEZE bars=1 range=[66639.82,66856.72]
1770806700	18108	SIGNAL_IGNORED side=short (position open)
1770810300	18112	EPISODE_START pct=0.1979
1770811200	18113	EPISODE_FREEZE bars=1 range=[66895.13,67062.23]
1770812100	18114	SIGNAL_IGNORED side=long (position open)
1770813900	18116	EPISODE_START pct=0.1771
1770814800	18117	EPISODE_FREEZE bars=1 range=[66976.58,67138.98]
1770814800	18117	SIGNAL_IGNORED side=short (position open)
1770817500	18120	EXIT side=short r=1.996 reason=trail
1770868800	18177	EPISODE_START pct=0.1667
1770869700	18178	EPISODE_FREEZE bars=1 range=[67461.22,67656.19]
1770869700	18178	ENTRY side=short price=67182.01 atr=291.0350 stop=67618.56
1770876000	18185	EPISODE_START pct=0.1771
1770892200	18203	EXIT side=short r=-1.041 reason=stop
1770903000	18215	EPISODE_FREEZE bars=30 range=[66860.64,68256.64]
1770903900	18216	ENTRY side=long price=68334.39 atr=276.5830 stop=67919.52
1770906600	18219	EXIT side=long r=-1.778 reason=stop
1770955200	18273	EPISODE_START pct=0.1562
1770969600	18289	EPISODE_FREEZE bars=16 range=[65973.25,66638.67]
1770972300	18292	ENTRY side=long price=66676.07 atr=239.3506 stop=66317.05
1770973200	18293	EPISODE_START pct=0.1771
1770983100	18304	TRAIL_ACTIVATE side=long unreal_r=1.286
1770988500	18310	EPISODE_FREEZE bars=17 range=[66579.97,67188.22]
1770988500	18310	SIGNAL_IGNORED side=long (position open)
1771023600	18349	EPISODE_START pct=0.1667
1771056000	18385	EPISODE_FREEZE bars=36 range=[68692.58,69317.12]
1771056000	18385	SIGNAL_IGNORED side=long (position open)
1771065900	18396	EPISODE_START pct=0.1979
1771066800	18397	EPISODE_FREEZE bars=1 range=[69568.74,69640.54]
1771066800	18397	SIGNAL_IGNORED side=long (position open)
1771073100	18404	EXIT side=long r=8.152 reason=trail
1771155000	18495	EPISODE_START pct=0.1875
1771157700	18498	EPISODE_FREEZE bars=3 range=[70134.23,70356.80]
1771159500	18500	ENTRY side=short price=69292.78 atr=257.2352 stop=69678.63
1771162200	18503	TRAIL_ACTIVATE side=short unreal_r=1.021
1771193700	18538	EXIT side=short r=0.826 reason=trail
1771213500	18560	EPISODE_START pct=0.1875
1771218000	18565	EPISODE_FREEZE bars=5 range=[68293.95,68856.30]
1771220700	18568	EPISODE_EXPIRED
1771221600	18569	EPISODE_START pct=0.0729
1771240500	18590	EPISODE_FREEZE bars=21 range=[68185.86,69026.77]
1771243200	18593	EPISODE_EXPIRED
1771312500	18670	EPISODE_START pct=0.1875
1771313400	18671	EPISODE_FREEZE bars=1 range=[68168.33,68359.69]
1771313400	18671	ENTRY side=long price=68380.00 atr=214.6081 stop=68058.09
1771314300	18672	EPISODE_START pct=0.1667
1771319700	18678	EXIT side=long r=-1.173 reason=stop
1771332300	18692	EPISODE_FREEZE bars=20 range=[67655.88,68445.54]
1771335000	18695	EPISODE_EXPIRED
1771385400	18751	EPISODE_START pct=0.1875
1771402500	18770	EPISODE_FREEZE bars=19 range=[67467.59,68237.25]
1771402500	18770	ENTRY side=long price=68249.95 atr=188.0508 stop=67967.87
1771403400	18771	EPISODE_START pct=0.1875
1771410600	18779	EXIT side=long r=-1.740 reason=stop
1771412400	18781	EPISODE_FREEZE bars=10 range=[67707.21,68270.27]
1771412400	18781	ENTRY side=short price=67355.24 atr=215.3736 stop=67678.30
1771428600	18799	EXIT side=short r=-2.217 reason=stop
1771475400	18851	EPISODE_START pct=0.1771
1771494300	18872	EPISODE_FREEZE bars=21 range=[66658.38,67297.85]
1771497000	18875	EPISODE_EXPIRED
1771497900	18876	EPISODE_START pct=0.0938
1771502400	18881	EPISODE_FREEZE bars=5 range=[66444.50,66925.34]
1771505100	18884	EPISODE_EXPIRED
1771556400	18941	EPISODE_START pct=0.0521
1771557300	18942	EPISODE_FREEZE bars=1 range=[67207.20,67287.56]
1771557300	18942	ENTRY side=long price=67383.69 atr=172.8875 stop=67124.36
1771559100	18944	EPISODE_START pct=0.0833
1771560900	18946	EPISODE_FREEZE bars=2 range=[67223.31,67365.17]
1771560900	18946	SIGNAL_IGNORED side=short (position open)
1771561800	18947	EPISODE_START pct=0.1979
1771565400	18951	TRAIL_ACTIVATE side=long unreal_r=1.901
1771565400	18951	EPISODE_FREEZE bars=4 range=[67131.97,67420.81]
1771565400	18951	SIGNAL_IGNORED side=long (position open)
1771575300	18962	EPISODE_START pct=0.1146
1771578000	18965	EPISODE_FREEZE bars=3 range=[67716.47,67920.50]
1771578000	18965	SIGNAL_IGNORED side=long (position open)
1771579800	18967	EPISODE_START pct=0.1146
1771584300	18972	EPISODE_FREEZE bars=5 range=[68050.77,68281.16]
1771584300	18972	SIGNAL_IGNORED side=short (position open)
1771587000	18975	EXIT side=long r=0.144 reason=trail
1771636500	19031	EPISODE_START pct=0.1250
1771679700	19079	EPISODE_FREEZE bars=48 range=[67489.61,68252.77]
1771682400	19082	EPISODE_EXPIRED
1771743600	19150	EPISODE_START pct=0.1979
1771763400	19172	EPISODE_FREEZE bars=22 range=[67879.81,68219.42]
1771763400	19172	ENTRY side=short price=67857.00 atr=100.1040 stop=68007.16
1771767000	19176	TRAIL_ACTIVATE side=short unreal_r=1.703
1771774200	19184	EXIT side=short r=0.669 reason=trail
1771928100	19355	EPISODE_START pct=0.1875
1771943400	19372	EPISODE_FREEZE bars=17 range=[62480.11,63341.82]
1771944300	19373	ENTRY side=long price=63419.33 atr=281.1611 stop=62997.59
1771946100	19375	TRAIL_ACTIVATE side=long unreal_r=1.145
1771971300	19403	EPISODE_START pct=0.1771
1771981200	19414	EPISODE_FREEZE bars=11 range=[63821.06,64287.94]
1771981200	19414	SIGNAL_IGNORED side=long (position open)
1771995600	19430	EXIT side=long r=4.472 reason=trail
1772012700	19449	EPISODE_START pct=0.1458
1772023500	19461	EPISODE_FREEZE bars=12 range=[65164.82,65907.63]
1772023500	19461	ENTRY side=long price=66039.23 atr=222.5626 stop=65705.39
1772028000	19466	TRAIL_ACTIVATE side=long unreal_r=1.221
1772049600	19490	EXIT side=long r=7.670 reason=trail
1772091900	19537	EPISODE_START pct=0.1979
1772092800	19538	EPISODE_FREEZE bars=1 range=[67794.04,67985.28]
1772092800	19538	ENTRY side=long price=68009.91 atr=243.8622 stop=67644.12
1772095500	19541	EPISODE_START pct=0.1979
1772096400	19542	EPISODE_FREEZE bars=1 range=[67881.80,68086.18]
1772096400	19542	SIGNAL_IGNORED side=long (position open)
1772099100	19545	TRAIL_ACTIVATE side=long unreal_r=1.486
1772102700	19549	EPISODE_START pct=0.1458
1772116200	19564	EXIT side=long r=-0.667 reason=trail
1772116200	19564	EPISODE_FREEZE bars=15 range=[67640.48,68426.92]
1772118000	19566	ENTRY side=short price=67343.43 atr=298.6645 stop=67791.42
1772124300	19573	TRAIL_ACTIVATE side=short unreal_r=1.632
1772133300	19583	EXIT side=short r=-0.449 reason=trail
1772149500	19601	EPISODE_START pct=0.1250
1772154000	19606	EPISODE_FREEZE bars=5 range=[66993.16,67503.04]
1772154000	19606	ENTRY side=short price=66960.01 atr=245.8867 stop=67328.84
1772158500	19611	EXIT side=short r=-1.117 reason=stop
1772159400	19612	EPISODE_START pct=0.1979
1772163900	19617	EPISODE_FREEZE bars=5 range=[67058.54,67499.93]
1772163900	19617	ENTRY side=long price=67557.13 atr=240.7806 stop=67195.96
1772171100	19625	EPISODE_START pct=0.1979
1772180100	19635	TRAIL_ACTIVATE side=long unreal_r=1.020
1772184600	19640	EPISODE_FREEZE bars=15 range=[67417.41,68111.97]
1772185500	19641	SIGNAL_IGNORED side=short (position open)
1772186400	19642	EXIT side=long r=-1.985 reason=trail
1772227800	19688	EPISODE_START pct=0.1771
1772231400	19692	EPISODE_FREEZE bars=4 range=[65366.45,65685.37]
1772233200	19694	ENTRY side=long price=65703.22 atr=253.2780 stop=65323.31
1772235900	19697	EPISODE_START pct=0.1875
1772237700	19699	EPISODE_FREEZE bars=2 range=[65793.52,65990.19]
1772237700	19699	SIGNAL_IGNORED side=short (position open)
1772239500	19701	EPISODE_START pct=0.0729
1772264700	19723	EXIT side=long r=-5.032 reason=stop
1772264700	19723	EPISODE_FREEZE bars=22 range=[65452.43,65994.73]
1772264700	19723	ENTRY side=short price=63791.42 atr=249.5568 stop=64165.76
1772277300	19737	EXIT side=short r=-1.103 reason=stop
1772353800	19822	EPISODE_START pct=0.1562
1772354700	19823	EPISODE_FREEZE bars=1 range=[67101.16,67226.11]
1772354700	19823	ENTRY side=short price=66535.16 atr=297.2466 stop=66981.03
1772360100	19829	EPISODE_START pct=0.1771
1772373600	19844	EXIT side=short r=-1.130 reason=stop
1772373600	19844	EPISODE_FREEZE bars=15 range=[66108.68,67332.81]
1772376300	19847	EPISODE_EXPIRED
1772378100	19849	EPISODE_START pct=0.1979
1772379900	19851	EPISODE_FREEZE bars=2 range=[66959.91,67217.60]
1772379900	19851	ENTRY side=short price=66797.79 atr=290.0993 stop=67232.94
1772383500	19855	TRAIL_ACTIVATE side=short unreal_r=1.575
1772400600	19874	EPISODE_START pct=0.1979
1772402400	19876	EPISODE_FREEZE bars=2 range=[65495.69,65712.35]
1772402400	19876	SIGNAL_IGNORED side=long (position open)
1772411400	19886	EXIT side=short r=0.618 reason=trail
1772447400	19926	EPISODE_START pct=0.1771
1772461800	19942	EPISODE_FREEZE bars=16 range=[65263.29,66431.45]
1772461800	19942	ENTRY side=long price=66564.48 atr=333.2034 stop=66064.68
1772462700	19943	TRAIL_ACTIVATE side=long unreal_r=1.145
1772472600	19954	EXIT side=long r=4.514 reason=trail
1772496900	19981	EPISODE_START pct=0.1875
1772497800	19982	EPISODE_FREEZE bars=1 range=[68603.80,68849.57]
1772497800	19982	ENTRY side=long price=69064.57 atr=316.3741 stop=68590.01
1772503200	19988	EXIT side=long r=-1.053 reason=stop
1772505900	19991	EPISODE_START pct=0.1875
1772526600	20014	EPISODE_FREEZE bars=23 range=[67679.62,68598.17]
1772526600	20014	ENTRY side=short price=67313.70 atr=267.1452 stop=67714.42
1772529300	20017	TRAIL_ACTIVATE side=short unreal_r=1.748
1772539200	20028	EXIT side=short r=-0.975 reason=trail
1772665200	20168	EPISODE_START pct=0.1771
1772666100	20169	EPISODE_FREEZE bars=1 range=[72606.31,72795.68]
1772666100	20169	ENTRY side=short price=72500.45 atr=345.8732 stop=73019.26
1772667900	20171	EPISODE_START pct=0.1875
1772672400	20176	EXIT side=short r=-1.128 reason=stop
1772672400	20176	EPISODE_FREEZE bars=5 range=[72518.04,72969.23]
1772672400	20176	ENTRY side=long price=73085.43 atr=348.1111 stop=72563.26
1772675100	20179	EXIT side=long r=-1.107 reason=stop
1772676900	20181	EPISODE_START pct=0.1979
1772677800	20182	EPISODE_FREEZE bars=1 range=[72623.14,72851.94]
1772677800	20182	ENTRY side=short price=72328.75 atr=346.6567 stop=72848.73
1772678700	20183	EPISODE_START pct=0.1458
1772685000	20190	EXIT side=short r=-1.087 reason=stop
1772701200	20208	EPISODE_FREEZE bars=25 range=[71731.17,73052.24]
1772703900	20211	EPISODE_EXPIRED
1772704800	20212	EPISODE_START pct=0.0938
1772705700	20213	EPISODE_FREEZE bars=1 range=[72480.41,72730.21]
1772705700	20213	ENTRY side=long price=73141.80 atr=338.6716 stop=72633.79
1772714700	20223	EPISODE_START pct=0.0938
1772716500	20225	EXIT side=long r=-1.291 reason=stop
1772716500	20225	EPISODE_FREEZE bars=2 range=[72552.24,73032.45]
1772716500	20225	ENTRY side=short price=72485.98 atr=320.7387 stop=72967.09
1772721000	20230	TRAIL_ACTIVATE side=short unreal_r=1.080
1772749800	20262	EPISODE_START pct=0.1875
1772775900	20291	EPISODE_FREEZE bars=29 range=[70121.78,71381.13]
1772778600	20294	EPISODE_EXPIRED
1772779500	20295	EPISODE_START pct=0.1458
1772780400	20296	EPISODE_FREEZE bars=1 range=[70554.48,70818.09]
1772780400	20296	SIGNAL_IGNORED side=short (position open)
1772782200	20298	EPISODE_START pct=0.1979
1772801100	20319	EPISODE_FREEZE bars=21 range=[69685.32,71145.47]
1772803800	20322	EPISODE_EXPIRED
1772837100	20359	EPISODE_START pct=0.1146
1772866800	20392	EPISODE_FREEZE bars=33 range=[67581.98,68519.96]
1772869500	20395	EPISODE_EXPIRED
1772870400	20396	EPISODE_START pct=0.0521
1772893800	20422	EPISODE_FREEZE bars=26 range=[67569.75,68202.58]
1772896500	20425	EPISODE_EXPIRED
1772899200	20428	EPISODE_START pct=0.1562
1772910900	20441	EPISODE_FREEZE bars=13 range=[67437.46,67909.57]
1772910900	20441	SIGNAL_IGNORED side=short (position open)
1772926200	20458	EPISODE_START pct=0.1979
1772928000	20460	EPISODE_FREEZE bars=2 range=[67200.48,67363.79]
1772928000	20460	SIGNAL_IGNORED side=long (position open)
1772932500	20465	EPISODE_START pct=0.1771
1772933400	20466	EPISODE_FREEZE bars=1 range=[67194.58,67293.27]
1772936100	20469	SIGNAL_IGNORED side=short (position open)
1772960400	20496	EXIT side=short r=9.886 reason=trail
1773092700	20643	EPISODE_START pct=0.1771
1773109800	20662	EPISODE_FREEZE bars=19 range=[68336.25,69358.30]
1773109800	20662	ENTRY side=long price=70299.41 atr=336.3761 stop=69794.84
1773114300	20667	EXIT side=long r=-1.801 reason=stop
1773125100	20679	EPISODE_START pct=0.1875
1773126000	20680	EPISODE_FREEZE bars=1 range=[69829.09,70017.19]
1773126000	20680	ENTRY side=long price=70211.82 atr=308.2229 stop=69749.49
1773129600	20684	TRAIL_ACTIVATE side=long unreal_r=1.441
1773138600	20694	EPISODE_START pct=0.1667
1773149400	20706	EXIT side=long r=-0.699 reason=trail
1773149400	20706	EPISODE_FREEZE bars=12 range=[70253.17,70892.82]
1773149400	20706	ENTRY side=short price=69888.69 atr=306.4711 stop=70348.40
1773153000	20710	EXIT side=short r=-1.139 reason=stop
1773190800	20752	EPISODE_START pct=0.1458
1773232200	20798	EPISODE_FREEZE bars=46 range=[68938.92,70235.51]
1773234900	20801	EPISODE_EXPIRED
1773290700	20863	EPISODE_START pct=0.1146
1773307800	20882	EPISODE_FREEZE bars=19 range=[69169.37,70078.90]
1773307800	20882	ENTRY side=long price=70253.40 atr=226.9667 stop=69912.95
1773315000	20890	TRAIL_ACTIVATE side=long unreal_r=1.140
1773323100	20899	EXIT side=long r=-0.944 reason=trail
1773380700	20963	EPISODE_START pct=0.1979
1773390600	20974	EPISODE_FREEZE bars=11 range=[71150.05,71639.35]
1773390600	20974	ENTRY side=long price=71921.07 atr=240.3165 stop=71560.59
1773394200	20978	EPISODE_START pct=0.1875
1773395100	20979	EPISODE_FREEZE bars=1 range=[71747.58,71899.48]
1773395100	20979	SIGNAL_IGNORED side=long (position open)
1773396900	20981	TRAIL_ACTIVATE side=long unreal_r=1.095
1773401400	20986	EPISODE_START pct=0.1354
1773405900	20991	EPISODE_FREEZE bars=5 range=[72168.44,72597.46]
1773405900	20991	SIGNAL_IGNORED side=long (position open)
1773412200	20998	EXIT side=long r=2.684 reason=trail
1773446400	21036	EPISODE_START pct=0.1979
1773448200	21038	EPISODE_FREEZE bars=2 range=[70709.14,70919.99]
1773448200	21038	ENTRY side=short price=70533.05 atr=240.7951 stop=70894.24
1773449100	21039	EPISODE_START pct=0.1979
1773457200	21048	EXIT side=short r=-1.179 reason=stop
1773529200	21128	EPISODE_FREEZE bars=89 range=[70267.89,71261.63]
1773531900	21131	EPISODE_EXPIRED
1773733500	21355	EPISODE_START pct=0.1875
1773735300	21357	EPISODE_FREEZE bars=2 range=[74129.81,74418.27]
1773738000	21360	ENTRY side=short price=74001.89 atr=285.5875 stop=74430.27
1773739800	21362	EPISODE_START pct=0.1875
1773740700	21363	EPISODE_FREEZE bars=1 range=[74083.18,74274.35]
1773740700	21363	SIGNAL_IGNORED side=short (position open)
1773743400	21366	EPISODE_START pct=0.1562
1773756900	21381	EPISODE_FREEZE bars=15 range=[73374.19,74182.77]
1773757800	21382	SIGNAL_IGNORED side=long (position open)
1773769500	21395	EXIT side=short r=-1.117 reason=stop
1773774900	21401	EPISODE_START pct=0.1875
1773832500	21465	EPISODE_FREEZE bars=64 range=[73505.83,74767.54]
1773833400	21466	ENTRY side=short price=73059.78 atr=247.2458 stop=73430.65
1773837000	21470	TRAIL_ACTIVATE side=short unreal_r=1.798
1773856800	21492	EXIT side=short r=3.274 reason=trail
1773973800	21622	EPISODE_START pct=0.1875
1773974700	21623	EPISODE_FREEZE bars=1 range=[70049.99,70254.39]
1773974700	21623	ENTRY side=long price=70375.53 atr=234.3888 stop=70023.95
1773975600	21624	EPISODE_START pct=0.1458
1773979200	21628	TRAIL_ACTIVATE side=long unreal_r=1.461
1773979200	21628	EPISODE_FREEZE bars=4 range=[70345.95,70777.04]
1773979200	21628	SIGNAL_IGNORED side=long (position open)
1773980100	21629	EPISODE_START pct=0.0938
1773981000	21630	EPISODE_FREEZE bars=1 range=[70789.38,70890.84]
1773981000	21630	SIGNAL_IGNORED side=short (position open)
1773982800	21632	EPISODE_START pct=0.1042
1773993600	21644	EPISODE_FREEZE bars=12 range=[70173.62,70899.90]
1773993600	21644	SIGNAL_IGNORED side=long (position open)
1773996300	21647	EPISODE_START pct=0.1458
1773998100	21649	EXIT side=long r=0.271 reason=trail
1773998100	21649	EPISODE_FREEZE bars=2 range=[70801.68,71112.41]
1773998100	21649	ENTRY side=short price=70470.73 atr=239.6925 stop=70830.27
1774014300	21667	TRAIL_ACTIVATE side=short unreal_r=1.767
1774041300	21697	EXIT side=short r=-0.001 reason=trail
1774051200	21708	EPISODE_START pct=0.1667
1774052100	21709	EPISODE_FREEZE bars=1 range=[70432.77,70559.56]
1774052100	21709	ENTRY side=long price=70610.56 atr=229.2487 stop=70266.69
1774053000	21710	EPISODE_START pct=0.0938
1774101600	21764	TRAIL_ACTIVATE side=long unreal_r=1.102
1774104300	21767	EPISODE_FREEZE bars=57 range=[70403.27,71072.13]
1774107000	21770	EPISODE_EXPIRED
1774111500	21775	EXIT side=long r=-0.977 reason=trail
1774123200	21788	EPISODE_START pct=0.1979
1774124100	21789	EPISODE_FREEZE bars=1 range=[70332.38,70406.74]
1774124100	21789	ENTRY side=long price=70425.84 atr=112.2604 stop=70257.45
1774125000	21790	EPISODE_START pct=0.1667
1774131300	21797	EXIT side=long r=-1.007 reason=stop
1774136700	21803	EPISODE_FREEZE bars=13 range=[70072.21,70482.56]
1774136700	21803	ENTRY side=short price=68880.53 atr=208.6149 stop=69193.46
1774145700	21813	EXIT side=short r=-1.343 reason=stop
1774300500	21985	EPISODE_START pct=0.1979
1774314900	22001	EPISODE_FREEZE bars=16 range=[70381.54,71060.12]
1774315800	22002	ENTRY side=short price=70358.74 atr=278.3686 stop=70776.30
1774322100	22009	EPISODE_START pct=0.0521
1774335600	22024	EXIT side=short r=-1.045 reason=stop
1774340100	22029	EPISODE_FREEZE bars=20 range=[70086.62,71375.51]
1774342800	22032	EPISODE_EXPIRED
1774343700	22033	EPISODE_START pct=0.1771
1774352700	22043	EPISODE_FREEZE bars=10 range=[70812.95,71334.93]
1774355400	22046	EPISODE_EXPIRED
1774356300	22047	EPISODE_START pct=0.0938
1774357200	22048	EPISODE_FREEZE bars=1 range=[70838.56,70997.10]
1774357200	22048	ENTRY side=short price=70790.34 atr=226.4027 stop=71129.94
1774359000	22050	TRAIL_ACTIVATE side=short unreal_r=1.484
1774378800	22072	EXIT side=short r=3.480 reason=trail
1774412100	22109	EPISODE_START pct=0.1771
1774414800	22112	EPISODE_FREEZE bars=3 range=[70703.45,70943.36]
1774414800	22112	ENTRY side=long price=71196.59 atr=228.2592 stop=70854.20
1774417500	22115	EPISODE_START pct=0.1354
1774425600	22124	EXIT side=long r=-1.244 reason=stop
1774426500	22125	EPISODE_FREEZE bars=10 range=[70754.82,71231.46]
1774427400	22126	ENTRY side=long price=71436.31 atr=225.0039 stop=71098.80
1774431000	22130	EPISODE_START pct=0.1458
1774431900	22131	EPISODE_FREEZE bars=1 range=[71192.70,71290.30]
1774431900	22131	SIGNAL_IGNORED side=long (position open)
1774433700	22133	EPISODE_START pct=0.1146
1774437300	22137	TRAIL_ACTIVATE side=long unreal_r=1.174
1774439100	22139	EPISODE_FREEZE bars=6 range=[71278.58,71992.87]
1774441800	22142	EPISODE_EXPIRED
1774450800	22152	EXIT side=long r=-1.893 reason=trail
1774485000	22190	EPISODE_START pct=0.1250
1774485900	22191	EPISODE_FREEZE bars=1 range=[71239.24,71363.68]
1774486800	22192	ENTRY side=short price=71231.46 atr=211.6400 stop=71548.92
1774487700	22193	EPISODE_START pct=0.1979
1774491300	22197	TRAIL_ACTIVATE side=short unreal_r=1.150
1774503900	22211	EPISODE_FREEZE bars=18 range=[70254.19,71341.24]
1774503900	22211	SIGNAL_IGNORED side=short (position open)
1774509300	22217	EPISODE_START pct=0.1979
1774510200	22218	EPISODE_FREEZE bars=1 range=[69863.68,70065.76]
1774512900	22221	SIGNAL_IGNORED side=short (position open)
1774513800	22222	EPISODE_START pct=0.1354
1774517400	22226	EPISODE_FREEZE bars=4 range=[69769.68,70106.25]
1774517400	22226	SIGNAL_IGNORED side=short (position open)
1774521900	22231	EPISODE_START pct=0.1771
1774523700	22233	EPISODE_FREEZE bars=2 range=[69407.28,69620.35]
1774523700	22233	SIGNAL_IGNORED side=short (position open)
1774527300	22237	EPISODE_START pct=0.1562
1774532700	22243	EPISODE_FREEZE bars=6 range=[69181.01,69518.31]
1774532700	22243	SIGNAL_IGNORED side=long (position open)
1774555200	22268	EXIT side=short r=6.480 reason=trail
1774577700	22293	EPISODE_START pct=0.0938
1774584000	22300	EPISODE_FREEZE bars=7 range=[68634.06,69043.45]
1774584000	22300	ENTRY side=short price=68367.90 atr=201.4401 stop=68670.06
1774585800	22302	EPISODE_START pct=0.1146
1774587600	22304	EXIT side=short r=-1.344 reason=stop
1774596600	22314	EPISODE_FREEZE bars=12 range=[68463.33,68924.91]
1774598400	22316	ENTRY side=short price=68431.21 atr=195.9372 stop=68725.12
1774600200	22318	TRAIL_ACTIVATE side=short unreal_r=2.180
1774625400	22346	EXIT side=short r=7.010 reason=trail
1774650600	22374	EPISODE_START pct=0.1979
1774701900	22431	EPISODE_FREEZE bars=57 range=[65874.33,66534.02]
1774704600	22434	ENTRY side=long price=66905.29 atr=148.3008 stop=66682.84
1774734300	22467	EXIT side=long r=-1.152 reason=stop
1774781100	22519	EPISODE_START pct=0.1562
1774782000	22520	EPISODE_FREEZE bars=1 range=[66466.29,66546.57]
1774782000	22520	ENTRY side=long price=66745.43 atr=137.5038 stop=66539.17
1774793700	22533	EXIT side=long r=-1.182 reason=stop
1774914300	22667	EPISODE_START pct=0.1875
1774916100	22669	EPISODE_FREEZE bars=2 range=[66525.69,66789.59]
1774917000	22670	ENTRY side=long price=66909.94 atr=212.6707 stop=66590.94
1774919700	22673	TRAIL_ACTIVATE side=long unreal_r=2.605
1774940400	22696	EXIT side=long r=1.121 reason=trail
1774943100	22699	EPISODE_START pct=0.1979
1774944000	22700	EPISODE_FREEZE bars=1 range=[67283.37,67406.64]
1774944900	22701	ENTRY side=short price=67280.76 atr=208.1475 stop=67592.98
1774945800	22702	TRAIL_ACTIVATE side=short unreal_r=1.493
1774959300	22717	EXIT side=short r=1.631 reason=trail
1775011500	22775	EPISODE_START pct=0.1562
1775012400	22776	EPISODE_FREEZE bars=1 range=[67558.41,67706.08]
1775012400	22776	ENTRY side=long price=67949.54 atr=247.6338 stop=67578.09
1775014200	22778	EPISODE_START pct=0.1667
1775019600	22784	TRAIL_ACTIVATE side=long unreal_r=1.126
1775020500	22785	EPISODE_FREEZE bars=7 range=[67877.90,68432.78]
1775020500	22785	SIGNAL_IGNORED side=long (position open)
1775022300	22787	EPISODE_START pct=0.1562
1775024100	22789	EPISODE_FREEZE bars=2 range=[68405.45,68664.84]
1775024100	22789	SIGNAL_IGNORED side=long (position open)
1775032200	22798	EPISODE_START pct=0.1562
1775047500	22815	EXIT side=long r=1.078 reason=trail
1775047500	22815	EPISODE_FREEZE bars=17 range=[68223.81,68821.59]
1775050200	22818	ENTRY side=short price=68084.08 atr=265.3168 stop=68482.06
1775052900	22821	EXIT side=short r=-1.009 reason=stop
1775077200	22848	EPISODE_START pct=0.1562
1775091600	22864	EPISODE_FREEZE bars=16 range=[67955.14,68620.26]
1775092500	22865	ENTRY side=short price=67567.56 atr=302.9811 stop=68022.03
1775095200	22868	TRAIL_ACTIVATE side=short unreal_r=1.622
1775114100	22889	EPISODE_START pct=0.1562
1775136600	22914	EPISODE_FREEZE bars=25 range=[65860.63,66897.96]
1775136600	22914	SIGNAL_IGNORED side=short (position open)
1775140200	22918	EXIT side=short r=1.222 reason=trail
1775169900	22951	EPISODE_START pct=0.1667
1775182500	22965	EPISODE_FREEZE bars=14 range=[66375.15,67059.85]
1775183400	22966	ENTRY side=short price=66308.72 atr=193.3309 stop=66598.71
1775185200	22968	EXIT side=short r=-1.077 reason=stop
1775187900	22971	EPISODE_START pct=0.1458
1775203200	22988	EPISODE_FREEZE bars=17 range=[66375.02,67222.05]
1775205900	22991	EPISODE_EXPIRED
1775206800	22992	EPISODE_START pct=0.1875
1775219400	23006	EPISODE_FREEZE bars=14 range=[66644.12,67106.06]
1775222100	23009	EPISODE_EXPIRED
1775231100	23019	EPISODE_START pct=0.1146
1775291400	23086	EPISODE_FREEZE bars=67 range=[66729.04,67043.34]
1775294100	23089	EPISODE_EXPIRED
1775295000	23090	EPISODE_START pct=0.1458
1775296800	23092	EPISODE_FREEZE bars=2 range=[66926.61,66955.02]
1775296800	23092	ENTRY side=short price=66881.97 atr=62.0802 stop=66975.09
1775297700	23093	EPISODE_START pct=0.1562
1775298600	23094	EXIT side=short r=-1.362 reason=stop
1775298600	23094	EPISODE_FREEZE bars=1 range=[66881.88,66919.62]
1775298600	23094	ENTRY side=long price=67008.80 atr=66.3519 stop=66909.27
1775299500	23095	TRAIL_ACTIVATE side=long unreal_r=1.305
1775327400	23126	EXIT side=long r=2.491 reason=trail
1775535300	23357	EPISODE_START pct=0.1667
1775536200	23358	EPISODE_FREEZE bars=1 range=[68510.15,68653.10]
1775536200	23358	ENTRY side=long price=68822.04 atr=198.0892 stop=68524.91
1775538000	23360	EPISODE_START pct=0.0833
1775541600	23364	EXIT side=long r=-1.117 reason=stop
1775556900	23381	EPISODE_FREEZE bars=21 range=[68408.95,69218.54]
1775558700	23383	ENTRY side=short price=68196.60 atr=204.8159 stop=68503.83
1775566800	23392	EXIT side=short r=-1.313 reason=stop
1775633400	23466	EPISODE_START pct=0.1771
1775653200	23488	EPISODE_FREEZE bars=22 range=[71368.02,72127.70]
1775653200	23488	ENTRY side=long price=72577.16 atr=232.9961 stop=72227.66
1775655000	23490	EXIT side=long r=-2.646 reason=stop
1775709000	23550	EPISODE_START pct=0.1771
1775726100	23569	EPISODE_FREEZE bars=19 range=[70670.60,71324.37]
1775727900	23571	ENTRY side=long price=71488.54 atr=184.0872 stop=71212.41
1775730600	23574	EPISODE_START pct=0.1667
1775732400	23576	EXIT side=long r=-1.191 reason=stop
1775738700	23583	EPISODE_FREEZE bars=9 range=[70995.87,71427.39]
1775741400	23586	ENTRY side=short price=70850.08 atr=184.2518 stop=71126.46
1775746800	23592	EXIT side=short r=-1.665 reason=stop
1775806200	23658	EPISODE_START pct=0.1771
1775807100	23659	EPISODE_FREEZE bars=1 range=[71617.77,71740.11]
1775807100	23659	ENTRY side=short price=71461.38 atr=181.7996 stop=71734.07
1775811600	23664	EPISODE_START pct=0.1771
1775813400	23666	EXIT side=short r=-1.146 reason=stop
1775824200	23678	EPISODE_FREEZE bars=14 range=[71555.84,72281.05]
1775826900	23681	EPISODE_EXPIRED
1775866500	23725	EPISODE_START pct=0.1458
1775912400	23776	EPISODE_FREEZE bars=51 range=[72566.42,73066.00]
1775912400	23776	ENTRY side=short price=72560.45 atr=116.7270 stop=72735.54
1775922300	23787	EXIT side=short r=-1.468 reason=stop
1775989800	23862	EPISODE_START pct=0.1771
1775990700	23863	EPISODE_FREEZE bars=1 range=[71465.82,71570.86]
1775990700	23863	ENTRY side=short price=71416.07 atr=119.6108 stop=71595.49
1775992500	23865	EPISODE_START pct=0.1354
1775997900	23871	TRAIL_ACTIVATE side=short unreal_r=1.985
1775997900	23871	EPISODE_FREEZE bars=6 range=[71300.10,71506.66]
1775997900	23871	SIGNAL_IGNORED side=short (position open)
1776015900	23891	EXIT side=short r=1.775 reason=trail
1776020400	23896	EPISODE_START pct=0.1875
1776025800	23902	EPISODE_FREEZE bars=6 range=[70920.32,71191.38]
1776025800	23902	ENTRY side=long price=71284.55 atr=139.2997 stop=71075.60
1776031200	23908	EXIT side=long r=-1.728 reason=stop
1776075300	23957	EPISODE_START pct=0.1979
1776084300	23967	EPISODE_FREEZE bars=10 range=[70643.57,71010.90]
1776084300	23967	ENTRY side=long price=71042.81 atr=153.6658 stop=70812.31
1776087900	23971	TRAIL_ACTIVATE side=long unreal_r=2.504
1776094200	23978	EXIT side=long r=3.274 reason=trail
1776161700	24053	EPISODE_START pct=0.1875
1776162600	24054	EPISODE_FREEZE bars=1 range=[74456.79,74557.68]
1776162600	24054	ENTRY side=short price=74321.51 atr=177.1757 stop=74587.27
1776163500	24055	EPISODE_START pct=0.1875
1776173400	24066	EXIT side=short r=-3.082 reason=stop
1776173400	24066	EPISODE_FREEZE bars=11 range=[74236.78,74690.62]
1776173400	24066	ENTRY side=long price=75140.65 atr=204.2736 stop=74834.23
1776174300	24067	TRAIL_ACTIVATE side=long unreal_r=1.106
1776177900	24071	EXIT side=long r=-0.514 reason=trail
1776233700	24133	EPISODE_START pct=0.1771
1776237300	24137	EPISODE_FREEZE bars=4 range=[73787.91,73987.12]
1776237300	24137	ENTRY side=short price=73676.57 atr=182.5439 stop=73950.38
1776240900	24141	EXIT side=short r=-1.015 reason=stop
1776245400	24146	EPISODE_START pct=0.1979
1776248100	24149	EPISODE_FREEZE bars=3 range=[73869.51,74143.34]
1776248100	24149	ENTRY side=short price=73865.30 atr=178.5214 stop=74133.09
1776253500	24155	EXIT side=short r=-1.082 reason=stop
1776321900	24231	EPISODE_START pct=0.1667
1776346200	24258	EPISODE_FREEZE bars=27 range=[74231.44,75039.23]
1776347100	24259	ENTRY side=short price=73760.15 atr=274.6846 stop=74172.17
1776351600	24264	EXIT side=short r=-1.241 reason=stop
1776398400	24316	EPISODE_START pct=0.1667
1776415500	24335	EPISODE_FREEZE bars=19 range=[74510.03,75376.84]
1776415500	24335	ENTRY side=long price=75741.56 atr=189.0624 stop=75457.97
1776417300	24337	TRAIL_ACTIVATE side=long unreal_r=1.833
1776420000	24340	EXIT side=long r=-0.529 reason=trail
1776481200	24408	EPISODE_START pct=0.1875
1776486600	24414	EPISODE_FREEZE bars=6 range=[76891.60,77254.43]
1776489300	24417	EPISODE_EXPIRED
1776490200	24418	EPISODE_START pct=0.1042
1776502800	24432	EPISODE_FREEZE bars=14 range=[76467.36,77177.56]
1776505500	24435	EPISODE_EXPIRED
1776543300	24477	EPISODE_START pct=0.1771
1776564900	24501	EPISODE_FREEZE bars=24 range=[75408.29,75833.96]
1776567600	24504	EPISODE_EXPIRED
1776725100	24679	EPISODE_START pct=0.1875
1776760200	24718	EPISODE_FREEZE bars=39 range=[75436.88,76335.10]
1776760200	24718	ENTRY side=long price=76411.00 atr=192.8901 stop=76121.66
1776768300	24727	TRAIL_ACTIVATE side=long unreal_r=1.004
1776774600	24734	EXIT side=long r=-2.185 reason=trail
1776843900	24811	EPISODE_START pct=0.1875
1776865500	24835	EPISODE_FREEZE bars=24 range=[77897.16,78626.25]
1776865500	24835	ENTRY side=long price=78798.14 atr=211.8475 stop=78480.37
1776871800	24842	TRAIL_ACTIVATE side=long unreal_r=1.406
1776888900	24861	EXIT side=long r=-0.795 reason=trail
1776893400	24866	EPISODE_START pct=0.1875
1776899700	24873	EPISODE_FREEZE bars=7 range=[78399.67,78787.77]
1776899700	24873	ENTRY side=short price=78293.85 atr=205.2429 stop=78601.71
1776900600	24874	EPISODE_START pct=0.1979
1776902400	24876	TRAIL_ACTIVATE side=short unreal_r=1.478
1776902400	24876	EPISODE_FREEZE bars=2 range=[78112.42,78295.76]
1776902400	24876	SIGNAL_IGNORED side=short (position open)
1776924900	24901	EXIT side=short r=0.192 reason=trail
1776928500	24905	EPISODE_START pct=0.1250
1776933000	24910	EPISODE_FREEZE bars=5 range=[77888.31,78150.74]
1776933000	24910	ENTRY side=short price=77703.46 atr=194.7899 stop=77995.64
1776938400	24916	TRAIL_ACTIVATE side=short unreal_r=1.825
1776945600	24924	EPISODE_START pct=0.1667
1776948300	24927	EXIT side=short r=-0.423 reason=trail
1776948300	24927	EPISODE_FREEZE bars=3 range=[77576.05,77825.08]
1776948300	24927	ENTRY side=long price=77827.14 atr=201.0143 stop=77525.62
1776951000	24930	EXIT side=long r=-1.101 reason=stop
1776991500	24975	EPISODE_START pct=0.1250
1776992400	24976	EPISODE_FREEZE bars=1 range=[78282.95,78432.41]
1776992400	24976	ENTRY side=short price=78109.34 atr=210.2001 stop=78424.64
1777000500	24985	TRAIL_ACTIVATE side=short unreal_r=1.225
1777008600	24994	EPISODE_START pct=0.1562
1777009500	24995	EPISODE_FREEZE bars=1 range=[77598.23,77720.90]
1777009500	24995	SIGNAL_IGNORED side=long (position open)
1777010400	24996	EPISODE_START pct=0.1771
1777028400	25016	EXIT side=short r=-0.227 reason=trail
1777028400	25016	EPISODE_FREEZE bars=20 range=[77366.44,77979.71]
1777028400	25016	ENTRY side=long price=78180.79 atr=201.8062 stop=77878.08
1777031100	25019	EPISODE_START pct=0.1979
1777036500	25025	EPISODE_FREEZE bars=6 range=[77987.86,78421.01]
1777039200	25028	EXIT side=long r=-1.149 reason=stop
1777039200	25028	ENTRY side=short price=77833.00 atr=213.2862 stop=78152.93
1777053600	25044	TRAIL_ACTIVATE side=short unreal_r=1.061
1777060800	25052	EPISODE_START pct=0.1875
1777061700	25053	EPISODE_FREEZE bars=1 range=[77490.79,77607.98]
1777063500	25055	SIGNAL_IGNORED side=long (position open)
1777064400	25056	EPISODE_START pct=0.0938
1777119300	25117	EPISODE_FREEZE bars=61 range=[77208.34,77847.36]
1777122000	25120	EPISODE_EXPIRED
1777122900	25121	EPISODE_START pct=0.0417
1777126500	25125	EPISODE_FREEZE bars=4 range=[77559.96,77714.94]
1777129200	25128	EPISODE_EXPIRED
1777130100	25129	EPISODE_START pct=0.0417
1777131900	25131	EPISODE_FREEZE bars=2 range=[77623.56,77685.30]
1777131900	25131	SIGNAL_IGNORED side=short (position open)
1777160700	25163	EPISODE_START pct=0.1771
1777161600	25164	EPISODE_FREEZE bars=1 range=[77554.73,77585.56]
1777161600	25164	SIGNAL_IGNORED side=short (position open)
1777179600	25184	EXIT side=short r=-0.820 reason=trail
1777324500	25345	EPISODE_START pct=0.1979
1777336200	25358	EPISODE_FREEZE bars=13 range=[76718.50,77419.71]
1777338900	25361	EPISODE_EXPIRED
1777340700	25363	EPISODE_START pct=0.1562
1777342500	25365	EPISODE_FREEZE bars=2 range=[76989.24,77185.28]
1777342500	25365	ENTRY side=short price=76964.78 atr=166.2044 stop=77214.09
1777343400	25366	TRAIL_ACTIVATE side=short unreal_r=1.201
1777372200	25398	EPISODE_START pct=0.1562
1777381200	25408	EPISODE_FREEZE bars=10 range=[76096.51,76607.43]
1777383900	25411	EPISODE_EXPIRED
1777405500	25435	EXIT side=short r=2.681 reason=trail
1777407300	25437	EPISODE_START pct=0.0833
1777427100	25459	EPISODE_FREEZE bars=22 range=[76140.35,76519.63]
1777427100	25459	ENTRY side=long price=76534.93 atr=149.1747 stop=76311.17
1777429800	25462	EPISODE_START pct=0.1979
1777432500	25465	TRAIL_ACTIVATE side=long unreal_r=1.368
1777432500	25465	EPISODE_FREEZE bars=3 range=[76354.60,76583.83]
1777432500	25465	SIGNAL_IGNORED side=long (position open)
1777446900	25481	EPISODE_START pct=0.1667
1777455900	25491	EPISODE_FREEZE bars=10 range=[76918.51,77243.69]
1777455900	25491	SIGNAL_IGNORED side=long (position open)
1777464000	25500	EXIT side=long r=3.615 reason=trail
1777535100	25579	EPISODE_START pct=0.1875
1777555800	25602	EPISODE_FREEZE bars=23 range=[75841.50,76370.18]
1777555800	25602	ENTRY side=long price=76592.05 atr=188.4638 stop=76309.35
1777559400	25606	EXIT side=long r=-1.036 reason=stop
1777578300	25627	EPISODE_START pct=0.1354
1777580100	25629	EPISODE_FREEZE bars=2 range=[76315.24,76434.16]
1777581000	25630	ENTRY side=long price=76472.98 atr=159.9295 stop=76233.09
1777581900	25631	EPISODE_START pct=0.0312
1777585500	25635	EXIT side=long r=-1.126 reason=stop
1777605300	25657	EPISODE_FREEZE bars=26 range=[76159.36,76736.32]
1777605300	25657	ENTRY side=long price=77145.01 atr=176.1515 stop=76880.78
1777615200	25668	EPISODE_START pct=0.1771
1777617900	25671	EPISODE_FREEZE bars=3 range=[76921.07,77143.64]
1777620600	25674	EPISODE_EXPIRED
1777626000	25680	EPISODE_START pct=0.1875
1777630500	25685	EPISODE_FREEZE bars=5 range=[77118.10,77358.65]
1777633200	25688	EPISODE_EXPIRED
1777635900	25691	TRAIL_ACTIVATE side=long unreal_r=1.077
1777645800	25702	EXIT side=long r=3.826 reason=trail
1777685400	25746	EPISODE_START pct=0.1875
1777694400	25756	EPISODE_FREEZE bars=10 range=[78192.19,78490.69]
1777696200	25758	ENTRY side=short price=78185.04 atr=133.4763 stop=78385.26
1777697100	25759	EPISODE_START pct=0.0312
1777731300	25797	EXIT side=short r=-1.006 reason=stop
1777731300	25797	EPISODE_FREEZE bars=38 range=[77993.73,78392.51]
1777734000	25800	ENTRY side=long price=78396.96 atr=91.9780 stop=78258.99
1777736700	25803	EPISODE_START pct=0.1771
1777737600	25804	EPISODE_FREEZE bars=1 range=[78371.87,78450.49]
1777737600	25804	SIGNAL_IGNORED side=long (position open)
1777739400	25806	EPISODE_START pct=0.1875
1777757400	25826	TRAIL_ACTIVATE side=long unreal_r=2.676
1777757400	25826	EPISODE_FREEZE bars=20 range=[78276.86,78486.65]
1777757400	25826	SIGNAL_IGNORED side=long (position open)
1777769100	25839	EXIT side=long r=0.746 reason=trail
1777838400	25916	EPISODE_START pct=0.1562
1777839300	25917	EPISODE_FREEZE bars=1 range=[78689.62,78747.43]
1777839300	25917	ENTRY side=long price=78884.70 atr=107.8828 stop=78722.87
1777843800	25922	EXIT side=long r=-1.436 reason=stop
1777932000	26020	EPISODE_START pct=0.1979
1777949100	26039	EPISODE_FREEZE bars=19 range=[79715.80,80780.98]
1777951800	26042	ENTRY side=long price=80873.83 atr=227.2312 stop=80532.98
1777955400	26046	EPISODE_START pct=0.1875
1777958100	26049	EPISODE_FREEZE bars=3 range=[80676.57,80905.75]
1777958100	26049	SIGNAL_IGNORED side=long (position open)
1777960800	26052	EPISODE_START pct=0.1979
1777984200	26078	TRAIL_ACTIVATE side=long unreal_r=1.127
1777986000	26080	EPISODE_FREEZE bars=28 range=[80480.45,81257.95]
1777986000	26080	SIGNAL_IGNORED side=long (position open)
1778022900	26121	EXIT side=long r=-0.100 reason=trail
1778103900	26211	EPISODE_START pct=0.1875
1778115600	26224	EPISODE_FREEZE bars=13 range=[80932.08,81579.10]
1778118300	26227	EPISODE_EXPIRED
1778122800	26232	EPISODE_START pct=0.1458
1778146200	26258	EPISODE_FREEZE bars=26 range=[80686.23,81677.67]
1778148900	26261	ENTRY side=short price=80573.75 atr=190.3196 stop=80859.23
1778151600	26264	EXIT side=short r=-1.153 reason=stop
1778198400	26316	EPISODE_START pct=0.1979
1778202000	26320	EPISODE_FREEZE bars=4 range=[79694.96,80097.66]
1778202000	26320	ENTRY side=short price=79657.60 atr=176.4946 stop=79922.35
1778203800	26322	EPISODE_START pct=0.1042
1778206500	26325	EPISODE_FREEZE bars=3 range=[79475.13,79790.49]
1778206500	26325	SIGNAL_IGNORED side=short (position open)
1778213700	26333	EPISODE_START pct=0.0729
1778223600	26344	TRAIL_ACTIVATE side=short unreal_r=1.403
1778229000	26350	EXIT side=short r=-0.700 reason=trail
1778236200	26358	EPISODE_FREEZE bars=25 range=[79207.91,80001.33]
1778236200	26358	ENTRY side=long price=80111.00 atr=157.8300 stop=79874.26
1778237100	26359	EPISODE_START pct=0.1667
1778239800	26362	EPISODE_FREEZE bars=3 range=[80082.96,80287.14]
1778242500	26365	EPISODE_EXPIRED
1778245200	26368	EXIT side=long r=-1.968 reason=stop
1778279400	26406	EPISODE_START pct=0.1146
1778339700	26473	EPISODE_FREEZE bars=67 range=[80063.59,80623.13]
1778342400	26476	EPISODE_EXPIRED
1778382900	26521	EPISODE_START pct=0.1771
1778383800	26522	EPISODE_FREEZE bars=1 range=[80694.93,80749.21]
1778383800	26522	ENTRY side=long price=80766.78 atr=98.0193 stop=80619.75
1778386500	26525	EPISODE_START pct=0.1667
1778393700	26533	EXIT side=long r=-1.006 reason=stop
1778401800	26542	EPISODE_FREEZE bars=17 range=[80618.89,80872.84]
1778404500	26545	EPISODE_EXPIRED
1778405400	26546	EPISODE_START pct=0.0938
1778407200	26548	EPISODE_FREEZE bars=2 range=[80712.60,80798.19]
1778407200	26548	ENTRY side=short price=80681.41 atr=81.4797 stop=80803.63
1778409900	26551	EXIT side=short r=-1.277 reason=stop
1778421600	26564	EPISODE_START pct=0.1771
1778424300	26567	EPISODE_FREEZE bars=3 range=[80843.70,80945.15]
1778425200	26568	ENTRY side=long price=81001.74 atr=97.3477 stop=80855.72
1778427900	26571	TRAIL_ACTIVATE side=long unreal_r=2.605
1778443200	26588	EXIT side=long r=1.021 reason=trail
1778546700	26703	EPISODE_START pct=0.1667
1778547600	26704	EPISODE_FREEZE bars=1 range=[81451.15,81555.49]
1778547600	26704	ENTRY side=short price=81356.66 atr=179.5559 stop=81626.00
1778549400	26706	TRAIL_ACTIVATE side=short unreal_r=1.212
1778561100	26719	EPISODE_START pct=0.1667
1778589000	26750	EPISODE_FREEZE bars=31 range=[80453.05,81270.15]
1778591700	26753	EPISODE_EXPIRED
1778608800	26772	EXIT side=short r=3.142 reason=trail
1778625000	26790	EPISODE_START pct=0.1771
1778631300	26797	EPISODE_FREEZE bars=7 range=[80364.95,80686.71]
1778632200	26798	ENTRY side=long price=80709.08 atr=150.9182 stop=80482.71
1778634900	26801	TRAIL_ACTIVATE side=long unreal_r=1.399
1778646600	26814	EPISODE_START pct=0.1771
1778668200	26838	EPISODE_FREEZE bars=24 range=[80847.01,81270.15]
1778668200	26838	SIGNAL_IGNORED side=short (position open)
1778669100	26839	EXIT side=long r=0.252 reason=trail
1778751900	26931	EPISODE_START pct=0.1250
1778754600	26934	EPISODE_FREEZE bars=3 range=[79521.10,79727.62]
1778754600	26934	ENTRY side=short price=79417.10 atr=167.3113 stop=79668.06
1778762700	26943	EXIT side=short r=-1.189 reason=stop
1778836500	27025	EPISODE_START pct=0.1875
1778851800	27042	EPISODE_FREEZE bars=17 range=[79969.23,80730.29]
1778851800	27042	ENTRY side=short price=79117.76 atr=236.9634 stop=79473.21
1778852700	27043	TRAIL_ACTIVATE side=short unreal_r=1.115
1778868000	27060	EXIT side=short r=-0.923 reason=trail
1778873400	27066	EPISODE_START pct=0.1875
1778913900	27111	EPISODE_FREEZE bars=45 range=[78696.06,79199.75]
1778913900	27111	ENTRY side=short price=78610.44 atr=121.5485 stop=78792.76
1778914800	27112	TRAIL_ACTIVATE side=short unreal_r=2.143
1778931000	27130	EXIT side=short r=2.627 reason=trail
1778959800	27162	EPISODE_START pct=0.1875
1778978700	27183	EPISODE_FREEZE bars=21 range=[78083.35,78287.62]
1778978700	27183	ENTRY side=short price=77908.68 atr=106.6511 stop=78068.66
1778982300	27187	TRAIL_ACTIVATE side=short unreal_r=1.288
1778991300	27197	EXIT side=short r=-0.906 reason=trail
1779003900	27211	EPISODE_START pct=0.1979
1779012000	27220	EPISODE_FREEZE bars=9 range=[77991.23,78265.77]
1779012000	27220	ENTRY side=long price=78401.74 atr=105.6875 stop=78243.21
1779022800	27232	EXIT side=long r=-1.148 reason=stop
1779146100	27369	EPISODE_START pct=0.1667
1779149700	27373	EPISODE_FREEZE bars=4 range=[76900.10,77125.89]
1779149700	27373	ENTRY side=long price=77178.07 atr=197.0954 stop=76882.42
1779152400	27376	EPISODE_START pct=0.1667
1779153300	27377	EXIT side=long r=-1.498 reason=stop
1779153300	27377	EPISODE_FREEZE bars=1 range=[77001.11,77122.54]
1779153300	27377	ENTRY side=short price=76735.05 atr=203.6759 stop=77040.56
1779165900	27391	EPISODE_START pct=0.1562
1779168600	27394	EPISODE_FREEZE bars=3 range=[76599.38,76911.83]
1779170400	27396	SIGNAL_IGNORED side=long (position open)
1779171300	27397	EPISODE_START pct=0.0938
1779172200	27398	EXIT side=short r=-1.005 reason=stop
1779182100	27409	EPISODE_FREEZE bars=12 range=[76899.91,77288.19]
1779182100	27409	ENTRY side=short price=76733.94 atr=178.4938 stop=77001.68
1779183000	27410	EPISODE_START pct=0.1875
1779187500	27415	EXIT side=short r=-1.009 reason=stop
1779187500	27415	EPISODE_FREEZE bars=5 range=[76670.82,76950.54]
1779187500	27415	ENTRY side=long price=77004.03 atr=184.8158 stop=76726.80
1779190200	27418	EXIT side=long r=-1.364 reason=stop
1779192000	27420	EPISODE_START pct=0.1875
1779197400	27426	EPISODE_FREEZE bars=6 range=[76555.97,76947.83]
1779200100	27429	ENTRY side=short price=76423.49 atr=227.7359 stop=76765.09
1779209100	27439	EXIT side=short r=-1.273 reason=stop
1779222600	27454	EPISODE_START pct=0.1667
1779239700	27473	EPISODE_FREEZE bars=19 range=[76485.01,77003.05]
1779242400	27476	EPISODE_EXPIRED
1779247800	27482	EPISODE_START pct=0.1979
1779253200	27488	EPISODE_FREEZE bars=6 range=[76649.13,76809.20]
1779253200	27488	ENTRY side=long price=77199.85 atr=163.5148 stop=76954.58
1779256800	27492	EPISODE_START pct=0.1458
1779265800	27502	TRAIL_ACTIVATE side=long unreal_r=1.202
1779265800	27502	EPISODE_FREEZE bars=10 range=[77155.13,77444.00]
1779265800	27502	SIGNAL_IGNORED side=long (position open)
1779266700	27503	EPISODE_START pct=0.1667
1779283800	27522	EXIT side=long r=-0.593 reason=trail
1779283800	27522	EPISODE_FREEZE bars=19 range=[77244.95,77712.67]
1779283800	27522	ENTRY side=short price=77054.35 atr=152.9449 stop=77283.77
1779286500	27525	EXIT side=short r=-1.394 reason=stop
1779338700	27583	EPISODE_START pct=0.1875
1779339600	27584	EPISODE_FREEZE bars=1 range=[77935.05,78015.35]
1779339600	27584	ENTRY side=short price=77873.60 atr=143.5489 stop=78088.92
1779341400	27586	EPISODE_START pct=0.1875
1779342300	27587	EPISODE_FREEZE bars=1 range=[77806.88,77879.82]
1779342300	27587	SIGNAL_IGNORED side=short (position open)
1779345000	27590	TRAIL_ACTIVATE side=short unreal_r=1.068
1779348600	27594	EPISODE_START pct=0.1875
1779349500	27595	EPISODE_FREEZE bars=1 range=[77569.53,77687.34]
1779349500	27595	SIGNAL_IGNORED side=long (position open)
1779350400	27596	EXIT side=short r=-1.051 reason=trail
1779417000	27670	EPISODE_START pct=0.1979
1779438600	27694	EPISODE_FREEZE bars=24 range=[77240.11,77862.85]
1779439500	27695	ENTRY side=short price=77237.59 atr=132.2318 stop=77435.94
1779441300	27697	EPISODE_START pct=0.1979
1779451200	27708	EXIT side=short r=-1.290 reason=stop
1779456600	27714	EPISODE_FREEZE bars=17 range=[77138.23,77548.50]
1779458400	27716	ENTRY side=short price=77032.65 atr=144.7047 stop=77249.70
1779460200	27718	TRAIL_ACTIVATE side=short unreal_r=1.124
1779509700	27773	EPISODE_START pct=0.1458
1779510600	27774	EPISODE_FREEZE bars=1 range=[75520.05,75597.31]
1779510600	27774	SIGNAL_IGNORED side=short (position open)
1779511500	27775	EPISODE_START pct=0.0938
1779522300	27787	EPISODE_FREEZE bars=12 range=[75116.22,75527.90]
1779522300	27787	SIGNAL_IGNORED side=short (position open)
1779536700	27803	EPISODE_START pct=0.1771
1779541200	27808	EXIT side=short r=9.831 reason=trail
1779543900	27811	EPISODE_FREEZE bars=8 range=[74627.50,75007.82]
1779543900	27811	ENTRY side=long price=75182.14 atr=132.8061 stop=74982.93
1779546600	27814	TRAIL_ACTIVATE side=long unreal_r=1.287
1779570900	27841	EXIT side=long r=7.818 reason=trail
1779600600	27874	EPISODE_START pct=0.1875
1779601500	27875	EPISODE_FREEZE bars=1 range=[76611.04,76694.96]
1779601500	27875	ENTRY side=long price=76780.23 atr=133.8513 stop=76579.45
1779602400	27876	EPISODE_START pct=0.1771
1779605100	27879	EPISODE_FREEZE bars=3 range=[76684.20,76831.47]
1779605100	27879	SIGNAL_IGNORED side=long (position open)
1779606900	27881	EPISODE_START pct=0.1562
1779615900	27891	TRAIL_ACTIVATE side=long unreal_r=1.054
1779617700	27893	EPISODE_FREEZE bars=12 range=[76694.52,77015.79]
1779617700	27893	SIGNAL_IGNORED side=long (position open)
1779627600	27904	EPISODE_START pct=0.1667
1779628500	27905	EPISODE_FREEZE bars=1 range=[76983.52,77089.99]
1779628500	27905	SIGNAL_IGNORED side=short (position open)
1779630300	27907	EXIT side=long r=-0.086 reason=trail
1779656400	27936	EPISODE_START pct=0.1875
1779657300	27937	EPISODE_FREEZE bars=1 range=[76614.05,76718.50]
1779657300	27937	ENTRY side=short price=76493.84 atr=137.7639 stop=76700.48
1779658200	27938	TRAIL_ACTIVATE side=short unreal_r=1.835
1779660000	27940	EXIT side=short r=-2.185 reason=trail
1779703200	27988	EPISODE_START pct=0.1354
1779704100	27989	EPISODE_FREEZE bars=1 range=[77524.82,77599.75]
1779704100	27989	ENTRY side=short price=77506.30 atr=140.1844 stop=77716.58
1779705000	27990	EPISODE_START pct=0.0938
1779714000	28000	TRAIL_ACTIVATE side=short unreal_r=1.019
1779721200	28008	EPISODE_FREEZE bars=18 range=[77244.85,77741.84]
1779723900	28011	EPISODE_EXPIRED
1779725700	28013	EPISODE_START pct=0.1875
1779727500	28015	EPISODE_FREEZE bars=2 range=[77471.55,77655.79]
1779727500	28015	SIGNAL_IGNORED side=long (position open)
1779728400	28016	EPISODE_START pct=0.1979
1779748200	28038	EPISODE_FREEZE bars=22 range=[77181.72,77769.89]
1779748200	28038	SIGNAL_IGNORED side=short (position open)
1779790500	28085	EXIT side=short r=1.459 reason=trail
1779861600	28164	EPISODE_START pct=0.1667
1779884100	28189	EPISODE_FREEZE bars=25 range=[75579.15,76038.19]
1779886800	28192	ENTRY side=short price=75414.65 atr=178.7104 stop=75682.72
1779888600	28194	TRAIL_ACTIVATE side=short unreal_r=1.920
1779912000	28220	EXIT side=short r=0.503 reason=trail
1779959700	28273	EPISODE_START pct=0.1979
1779975000	28290	EPISODE_FREEZE bars=17 range=[72965.70,73592.13]
1779975000	28290	ENTRY side=short price=72755.30 atr=193.6370 stop=73045.75
1779976800	28292	EXIT side=short r=-1.838 reason=stop
1780002900	28321	EPISODE_START pct=0.1979
1780003800	28322	EPISODE_FREEZE bars=1 range=[73650.51,73732.75]
1780003800	28322	ENTRY side=long price=73888.79 atr=195.3459 stop=73595.77
1780004700	28323	EPISODE_START pct=0.1979
1780005600	28324	EPISODE_FREEZE bars=1 range=[73765.25,73876.85]
1780005600	28324	SIGNAL_IGNORED side=short (position open)
1780006500	28325	EXIT side=long r=-1.040 reason=stop
1780006500	28325	EPISODE_START pct=0.1979
1780022700	28343	EPISODE_FREEZE bars=18 range=[73300.14,73844.71]
1780022700	28343	ENTRY side=short price=73201.51 atr=174.0732 stop=73462.62
1780024500	28345	EPISODE_START pct=0.1771
1780029900	28351	EXIT side=short r=-1.016 reason=stop
1780045200	28368	EPISODE_FREEZE bars=23 range=[73171.66,73908.60]
1780047900	28371	EPISODE_EXPIRED
1780048800	28372	EPISODE_START pct=0.0312
1780061400	28386	EPISODE_FREEZE bars=14 range=[72931.66,73709.40]
1780064100	28389	ENTRY side=short price=72700.48 atr=207.6792 stop=73012.00
1780065900	28391	EXIT side=short r=-1.177 reason=stop
1780105500	28435	EPISODE_START pct=0.1771
1780117200	28448	EPISODE_FREEZE bars=13 range=[73169.85,73757.90]
1780119900	28451	EPISODE_EXPIRED
1780120800	28452	EPISODE_START pct=0.0521
1780149600	28484	EPISODE_FREEZE bars=32 range=[73450.16,73809.90]
1780149600	28484	ENTRY side=long price=73907.86 atr=84.2922 stop=73781.42
1780165800	28502	TRAIL_ACTIVATE side=long unreal_r=1.239
1780174800	28512	EPISODE_START pct=0.1979
1780176600	28514	EPISODE_FREEZE bars=2 range=[73924.83,73975.65]
1780178400	28516	SIGNAL_IGNORED side=short (position open)
1780180200	28518	EXIT side=long r=-1.014 reason=trail
1780227000	28570	EPISODE_START pct=0.1979
1780228800	28572	EPISODE_FREEZE bars=2 range=[73880.87,73949.30]
1780230600	28574	ENTRY side=long price=73950.37 atr=87.0397 stop=73819.81
1780231500	28575	EPISODE_START pct=0.1875
1780233300	28577	EPISODE_FREEZE bars=2 range=[73850.10,73956.50]
1780235100	28579	SIGNAL_IGNORED side=short (position open)
1780236000	28580	EXIT side=long r=-2.150 reason=stop
1780479000	28850	EPISODE_START pct=0.1979
1780479900	28851	EPISODE_FREEZE bars=1 range=[66700.07,66828.34]
1780479900	28851	ENTRY side=long price=67040.95 atr=302.7163 stop=66586.87
1780481700	28853	EPISODE_START pct=0.1979
1780498800	28872	EXIT side=long r=-1.187 reason=stop
1780499700	28873	EPISODE_FREEZE bars=20 range=[66469.55,67379.47]
1780500600	28874	ENTRY side=short price=66281.54 atr=306.0905 stop=66740.67
1780503300	28877	TRAIL_ACTIVATE side=short unreal_r=1.543
1780540200	28918	EXIT side=short r=6.338 reason=trail
1780602300	28987	EPISODE_START pct=0.1875
1780632000	29020	EPISODE_FREEZE bars=33 range=[62300.28,63954.73]
1780634700	29023	EPISODE_EXPIRED
1780711200	29108	EPISODE_START pct=0.1458
1780721100	29119	EPISODE_FREEZE bars=11 range=[59452.42,61158.06]
1780723800	29122	EPISODE_EXPIRED
1780731000	29130	EPISODE_START pct=0.1771
1780794000	29200	EPISODE_FREEZE bars=70 range=[60184.51,61469.96]
1780794900	29201	ENTRY side=long price=61608.04 atr=227.8719 stop=61266.23
1780798500	29205	EXIT side=long r=-1.117 reason=stop
1780945200	29368	EPISODE_START pct=0.1771
1780960500	29385	EPISODE_FREEZE bars=17 range=[63137.22,63826.28]
1780960500	29385	ENTRY side=short price=63120.95 atr=250.6551 stop=63496.93
1780961400	29386	EPISODE_START pct=0.1667
1780964100	29389	TRAIL_ACTIVATE side=short unreal_r=1.132
1780964100	29389	EPISODE_FREEZE bars=3 range=[62949.00,63170.10]
1780964100	29389	SIGNAL_IGNORED side=short (position open)
1780968600	29394	EPISODE_START pct=0.1667
1780979400	29406	EPISODE_FREEZE bars=12 range=[62506.91,62946.34]
1780979400	29406	SIGNAL_IGNORED side=long (position open)
1780981200	29408	EPISODE_START pct=0.1979
1780982100	29409	EXIT side=short r=-0.437 reason=trail
1781011800	29442	EPISODE_FREEZE bars=34 range=[62240.89,63499.64]
1781013600	29444	ENTRY side=short price=61986.56 atr=228.2440 stop=62328.93
1781014500	29445	TRAIL_ACTIVATE side=short unreal_r=1.205
1781025300	29457	EXIT side=short r=0.777 reason=trail
1781069400	29506	EPISODE_START pct=0.1875
1781073000	29510	EPISODE_FREEZE bars=4 range=[61155.85,61459.55]
1781074800	29512	ENTRY side=long price=61539.81 atr=195.3816 stop=61246.74
1781075700	29513	EPISODE_START pct=0.1354
1781080200	29518	EXIT side=long r=-1.135 reason=stop
1781080200	29518	EPISODE_FREEZE bars=5 range=[61450.10,61764.30]
1781080200	29518	ENTRY side=short price=61207.30 atr=206.7482 stop=61517.42
1781094600	29534	EXIT side=short r=-1.460 reason=stop
1781154000	29600	EPISODE_START pct=0.1979
1781181000	29630	EPISODE_FREEZE bars=30 range=[62509.04,63233.25]
1781183700	29633	EPISODE_EXPIRED
1781217900	29671	EPISODE_START pct=0.1667
1781222400	29676	EPISODE_FREEZE bars=5 range=[63328.12,63668.42]
1781222400	29676	ENTRY side=long price=63710.74 atr=188.5046 stop=63427.99
1781225100	29679	EPISODE_START pct=0.1562
1781226900	29681	EXIT side=long r=-1.346 reason=stop
1781226900	29681	EPISODE_FREEZE bars=2 range=[63432.59,63698.52]
1781226900	29681	ENTRY side=short price=63330.06 atr=187.6536 stop=63611.54
1781227800	29682	EPISODE_START pct=0.1458
1781229600	29684	EXIT side=short r=-1.096 reason=stop
1781229600	29684	EPISODE_FREEZE bars=2 range=[63282.71,63441.04]
1781229600	29684	ENTRY side=long price=63638.67 atr=188.5146 stop=63355.90
1781232300	29687	EPISODE_START pct=0.1458
1781240400	29696	EPISODE_FREEZE bars=9 range=[63316.86,63840.97]
1781243100	29699	EXIT side=long r=-1.116 reason=stop
1781243100	29699	EPISODE_EXPIRED
1781244000	29700	EPISODE_START pct=0.0521
1781245800	29702	EPISODE_FREEZE bars=2 range=[63064.79,63386.08]
1781245800	29702	ENTRY side=short price=62895.20 atr=177.9879 stop=63162.18
1781248500	29705	EPISODE_START pct=0.1458
1781251200	29708	EXIT side=short r=-1.390 reason=stop
1781251200	29708	EPISODE_FREEZE bars=3 range=[62920.39,63166.35]
1781251200	29708	ENTRY side=long price=63266.21 atr=172.1343 stop=63008.00
1781254800	29712	TRAIL_ACTIVATE side=long unreal_r=1.033
1781263800	29722	EPISODE_START pct=0.1667
1781271000	29730	EXIT side=long r=-0.600 reason=trail
1781271000	29730	EPISODE_FREEZE bars=8 range=[63330.44,63853.36]
1781271000	29730	ENTRY side=short price=63111.23 atr=186.8589 stop=63391.52
1781272800	29732	EXIT side=short r=-1.093 reason=stop
1781300700	29763	EPISODE_START pct=0.1146
1781359200	29828	EPISODE_FREEZE bars=65 range=[63394.36,64217.19]
1781361900	29831	EPISODE_EXPIRED
1781407800	29882	EPISODE_START pct=0.1979
1781417700	29893	EPISODE_FREEZE bars=11 range=[64259.87,64532.76]
1781418600	29894	ENTRY side=short price=64214.62 atr=95.8995 stop=64358.47
1781423100	29899	EXIT side=short r=-1.235 reason=stop
1781426700	29903	EPISODE_START pct=0.1979
1781428500	29905	EPISODE_FREEZE bars=2 range=[64380.16,64450.08]
1781428500	29905	ENTRY side=short price=64322.34 atr=88.5113 stop=64455.11
1781429400	29906	EXIT side=short r=-1.497 reason=stop
1781560800	30052	EPISODE_START pct=0.1562
1781561700	30053	EPISODE_FREEZE bars=1 range=[66324.37,66446.70]
1781561700	30053	ENTRY side=short price=66131.18 atr=177.0120 stop=66396.70
1781568000	30060	EPISODE_START pct=0.1667
1781568900	30061	EPISODE_FREEZE bars=1 range=[66234.10,66371.75]
1781568900	30061	SIGNAL_IGNORED side=short (position open)
1781572500	30065	EPISODE_START pct=0.1875
1781576100	30069	TRAIL_ACTIVATE side=short unreal_r=1.421
1781576100	30069	EPISODE_FREEZE bars=4 range=[66027.28,66386.52]
1781576100	30069	SIGNAL_IGNORED side=short (position open)
1781589600	30084	EPISODE_START pct=0.1667
1781590500	30085	EXIT side=short r=-0.660 reason=trail
1781590500	30085	EPISODE_FREEZE bars=1 range=[66027.39,66165.96]
1781590500	30085	ENTRY side=long price=66306.34 atr=168.8948 stop=66052.99
1781595900	30091	EPISODE_START pct=0.1250
1781597700	30093	EPISODE_FREEZE bars=2 range=[66272.08,66470.72]
1781597700	30093	SIGNAL_IGNORED side=long (position open)
1781598600	30094	TRAIL_ACTIVATE side=long unreal_r=1.097
1781598600	30094	EPISODE_START pct=0.1562
1781599500	30095	EPISODE_FREEZE bars=1 range=[66468.62,66618.84]
1781599500	30095	SIGNAL_IGNORED side=long (position open)
1781611200	30108	EPISODE_START pct=0.1979
1781613000	30110	EPISODE_FREEZE bars=2 range=[66369.58,66651.32]
1781614800	30112	EXIT side=long r=-0.516 reason=trail
1781614800	30112	ENTRY side=short price=66175.62 atr=200.8409 stop=66476.89
1781619300	30117	TRAIL_ACTIVATE side=short unreal_r=2.115
1781645400	30146	EPISODE_START pct=0.1979
1781662500	30165	EPISODE_FREEZE bars=19 range=[65455.02,65925.05]
1781662500	30165	SIGNAL_IGNORED side=long (position open)
1781666100	30169	EPISODE_START pct=0.1562
1781680500	30185	EPISODE_FREEZE bars=16 range=[65517.50,66014.26]
1781681400	30186	SIGNAL_IGNORED side=short (position open)
1781703000	30210	EXIT side=short r=3.080 reason=trail
1781766000	30280	EPISODE_START pct=0.1354
1781766900	30281	EPISODE_FREEZE bars=1 range=[63984.82,64074.66]
1781766900	30281	ENTRY side=long price=64268.01 atr=179.4915 stop=63998.78
1781768700	30283	EPISODE_START pct=0.1042
1781769600	30284	EPISODE_FREEZE bars=1 range=[64391.49,64480.11]
1781769600	30284	SIGNAL_IGNORED side=long (position open)
1781770500	30285	TRAIL_ACTIVATE side=long unreal_r=1.024
1781770500	30285	EPISODE_START pct=0.0938
1781776800	30292	EXIT side=long r=-1.048 reason=trail
1781789400	30306	EPISODE_FREEZE bars=21 range=[63854.95,64577.23]
1781789400	30306	ENTRY side=short price=63850.46 atr=187.0481 stop=64131.03
1781794800	30312	TRAIL_ACTIVATE side=short unreal_r=1.139
1781811000	30330	EXIT side=short r=3.233 reason=trail
1781826300	30347	EPISODE_START pct=0.1771
1781838900	30361	EPISODE_FREEZE bars=14 range=[62689.54,63088.08]
1781839800	30362	ENTRY side=short price=62670.17 atr=185.9479 stop=62949.09
1781860500	30385	TRAIL_ACTIVATE side=short unreal_r=1.168
1781864100	30389	EPISODE_START pct=0.1562
1781873100	30399	EPISODE_FREEZE bars=10 range=[62375.62,62661.33]
1781873100	30399	SIGNAL_IGNORED side=long (position open)
1781875800	30402	EXIT side=short r=-1.422 reason=trail
1781899200	30428	EPISODE_START pct=0.1146
1781932500	30465	EPISODE_FREEZE bars=37 range=[62926.01,63883.11]
1781935200	30468	EPISODE_EXPIRED
1781936100	30469	EPISODE_START pct=0.1354
1781961300	30497	EPISODE_FREEZE bars=28 range=[63359.69,63774.04]
1781961300	30497	ENTRY side=short price=63316.09 atr=123.3115 stop=63501.06
1781966700	30503	EXIT side=short r=-3.320 reason=stop
1781990100	30529	EPISODE_START pct=0.1979
1781991000	30530	EPISODE_FREEZE bars=1 range=[63888.03,63960.30]
1781991000	30530	ENTRY side=long price=63998.80 atr=116.2925 stop=63824.36
1781993700	30533	TRAIL_ACTIVATE side=long unreal_r=1.574
1781998200	30538	EPISODE_START pct=0.1771
1782026100	30569	EXIT side=long r=0.853 reason=trail
1782030600	30574	EPISODE_FREEZE bars=36 range=[64022.50,64550.29]
1782030600	30574	ENTRY side=short price=63961.29 atr=92.0654 stop=64099.39
1782032400	30576	EPISODE_START pct=0.1875
1782033300	30577	EPISODE_FREEZE bars=1 range=[63934.91,63997.89]
1782033300	30577	SIGNAL_IGNORED side=long (position open)
1782034200	30578	EXIT side=short r=-1.114 reason=stop
1782161100	30719	EPISODE_START pct=0.1875
1782166500	30725	EPISODE_FREEZE bars=6 range=[64115.13,64461.00]
1782166500	30725	ENTRY side=short price=63998.80 atr=186.0861 stop=64277.93
1782171000	30730	EPISODE_START pct=0.1875
1782179100	30739	EPISODE_FREEZE bars=9 range=[63803.05,64239.06]
1782181800	30742	EPISODE_EXPIRED
1782182700	30743	EPISODE_START pct=0.0417
1782189900	30751	TRAIL_ACTIVATE side=short unreal_r=1.448
1782194400	30756	EPISODE_FREEZE bars=13 range=[63323.54,64241.48]
1782194400	30756	SIGNAL_IGNORED side=short (position open)
1782223200	30788	EXIT side=short r=4.714 reason=trail
1782247500	30815	EPISODE_START pct=0.1979
1782264600	30834	EPISODE_FREEZE bars=19 range=[62359.68,62996.03]
1782267300	30837	EPISODE_EXPIRED
1782273600	30844	EPISODE_START pct=0.1979
1782274500	30845	EPISODE_FREEZE bars=1 range=[62609.49,62727.76]
1782274500	30845	ENTRY side=short price=62564.74 atr=160.2077 stop=62805.06
1782275400	30846	EPISODE_START pct=0.1979
1782278100	30849	EXIT side=short r=-1.185 reason=stop
1782279000	30850	EPISODE_FREEZE bars=4 range=[62560.16,62863.04]
1782279000	30850	ENTRY side=long price=62900.94 atr=160.3554 stop=62660.41
1782279900	30851	EPISODE_START pct=0.1458
1782285300	30857	EXIT side=long r=-1.083 reason=stop
1782301500	30875	EPISODE_FREEZE bars=24 range=[62289.67,62934.98]
1782304200	30878	EPISODE_EXPIRED
1782375300	30957	EPISODE_START pct=0.1979
1782390600	30974	EPISODE_FREEZE bars=17 range=[61034.32,61774.48]
1782393300	30977	EPISODE_EXPIRED
1782465300	31057	EPISODE_START pct=0.1875
1782467100	31059	EPISODE_FREEZE bars=2 range=[59924.42,60150.92]
1782467100	31059	ENTRY side=short price=59714.01 atr=255.4036 stop=60097.12
1782468000	31060	EPISODE_START pct=0.1979
1782470700	31063	TRAIL_ACTIVATE side=short unreal_r=1.107
1782470700	31063	EPISODE_FREEZE bars=3 range=[59431.36,59834.20]
1782470700	31063	SIGNAL_IGNORED side=short (position open)
1782472500	31065	EPISODE_START pct=0.1771
1782477000	31070	EPISODE_FREEZE bars=5 range=[59260.72,59710.27]
1782477000	31070	SIGNAL_IGNORED side=short (position open)
1782481500	31075	EXIT side=short r=-1.118 reason=trail
1782507600	31104	EPISODE_START pct=0.1875
1782572400	31176	EPISODE_FREEZE bars=72 range=[59649.11,60693.54]
1782572400	31176	ENTRY side=long price=60851.29 atr=128.0606 stop=60659.20
1782579600	31184	EXIT side=long r=-1.590 reason=stop
1782620100	31229	EPISODE_START pct=0.1562
1782622800	31232	EPISODE_FREEZE bars=3 range=[60059.89,60205.29]
1782622800	31232	ENTRY side=short price=59990.45 atr=113.4236 stop=60160.58
1782623700	31233	TRAIL_ACTIVATE side=short unreal_r=1.092
1782631800	31242	EXIT side=short r=-1.196 reason=trail
1782767700	31393	EPISODE_START pct=0.1979
1782823500	31455	EPISODE_FREEZE bars=62 range=[58738.55,60565.47]
1782823500	31455	ENTRY side=short price=58369.62 atr=171.3370 stop=58626.63
1782827100	31459	EXIT side=short r=-1.329 reason=stop
1782862200	31498	EPISODE_START pct=0.1562
1782864900	31501	EPISODE_FREEZE bars=3 range=[58536.42,58720.26]
1782864900	31501	ENTRY side=short price=58360.60 atr=159.8994 stop=58600.45
1782869400	31506	EXIT side=short r=-2.139 reason=stop
1782903600	31544	EPISODE_START pct=0.1875
1782909900	31551	EPISODE_FREEZE bars=7 range=[58346.20,58728.91]
1782911700	31553	ENTRY side=long price=58790.31 atr=182.7183 stop=58516.23
1782913500	31555	TRAIL_ACTIVATE side=long unreal_r=2.488
1782946800	31592	EXIT side=long r=5.210 reason=trail
1782976500	31625	EPISODE_START pct=0.1875
1782984600	31634	EPISODE_FREEZE bars=9 range=[60080.95,60611.80]
1782984600	31634	ENTRY side=long price=61072.54 atr=204.5472 stop=60765.72
1782991800	31642	EPISODE_START pct=0.1875
1782992700	31643	EPISODE_FREEZE bars=1 range=[61231.01,61332.25]
1782992700	31643	SIGNAL_IGNORED side=long (position open)
1782993600	31644	EPISODE_START pct=0.1562
1782995400	31646	EPISODE_FREEZE bars=2 range=[61122.18,61388.22]
1782996300	31647	TRAIL_ACTIVATE side=long unreal_r=1.420
1782996300	31647	SIGNAL_IGNORED side=long (position open)
1783002600	31654	EXIT side=long r=1.081 reason=trail
1783026000	31680	EPISODE_START pct=0.1562
1783048500	31705	EPISODE_FREEZE bars=25 range=[61229.05,61709.92]
1783051200	31708	EPISODE_EXPIRED
1783052100	31709	EPISODE_START pct=0.1250
1783069200	31728	EPISODE_FREEZE bars=19 range=[61320.43,61876.04]
1783071900	31731	EPISODE_EXPIRED
1783072800	31732	EPISODE_START pct=0.0833
1783074600	31734	EPISODE_FREEZE bars=2 range=[61640.23,61744.75]
1783074600	31734	ENTRY side=long price=61981.48 atr=152.2962 stop=61753.04
1783087200	31748	EXIT side=long r=-1.076 reason=stop
1783104300	31767	EPISODE_START pct=0.1042
1783108800	31772	EPISODE_FREEZE bars=5 range=[62127.07,62292.31]
1783108800	31772	ENTRY side=long price=62406.35 atr=148.7369 stop=62183.24
1783110600	31774	TRAIL_ACTIVATE side=long unreal_r=1.250
1783121400	31786	EPISODE_START pct=0.1771
1783123200	31788	EPISODE_FREEZE bars=2 range=[62523.72,62687.76]
1783123200	31788	SIGNAL_IGNORED side=long (position open)
1783131300	31797	EPISODE_START pct=0.1458
1783177200	31848	EPISODE_FREEZE bars=51 range=[62307.12,62750.92]
1783177200	31848	SIGNAL_IGNORED side=long (position open)
1783206000	31880	EXIT side=long r=2.490 reason=trail
1783258200	31938	EPISODE_START pct=0.1667
1783265400	31946	EPISODE_FREEZE bars=8 range=[62621.64,62918.87]
1783268100	31949	ENTRY side=short price=62597.15 atr=113.6187 stop=62767.58
1783269000	31950	EPISODE_START pct=0.0729
1783277100	31959	EXIT side=short r=-1.116 reason=stop
1783287000	31970	EPISODE_FREEZE bars=20 range=[62573.86,62910.32]
1783287000	31970	ENTRY side=long price=63002.49 atr=109.9392 stop=62837.59
1783288800	31972	TRAIL_ACTIVATE side=long unreal_r=1.199
1783295100	31979	EXIT side=long r=3.763 reason=trail
1783410300	32107	EPISODE_START pct=0.1875
1783427400	32126	EPISODE_FREEZE bars=19 range=[62969.14,63846.87]
1783430100	32129	EPISODE_EXPIRED
1783490400	32196	EPISODE_START pct=0.1875
1783491300	32197	EPISODE_FREEZE bars=1 range=[62530.77,62615.20]
1783492200	32198	ENTRY side=short price=62513.55 atr=175.7150 stop=62777.12
1783494900	32201	EXIT side=short r=-1.017 reason=stop
1783496700	32203	EPISODE_START pct=0.1562
1783498500	32205	EPISODE_FREEZE bars=2 range=[62756.10,62908.93]
1783498500	32205	ENTRY side=short price=62052.96 atr=211.4627 stop=62370.15
1783509300	32217	EPISODE_START pct=0.1875
1783510200	32218	EPISODE_FREEZE bars=1 range=[62025.21,62139.89]
1783510200	32218	SIGNAL_IGNORED side=long (position open)
1783512900	32221	EPISODE_START pct=0.1875
1783513800	32222	EPISODE_FREEZE bars=1 range=[62197.63,62342.50]
1783513800	32222	SIGNAL_IGNORED side=short (position open)
1783515600	32224	EPISODE_START pct=0.1562
1783517400	32226	EPISODE_FREEZE bars=2 range=[61733.35,61977.39]
1783519200	32228	SIGNAL_IGNORED side=long (position open)
1783522800	32232	TRAIL_ACTIVATE side=short unreal_r=1.458
1783530900	32241	EXIT side=short r=-0.714 reason=trail
1783540800	32252	EPISODE_START pct=0.1354
1783558800	32272	EPISODE_FREEZE bars=20 range=[61926.81,62328.39]
1783558800	32272	ENTRY side=long price=62376.86 atr=178.6112 stop=62108.95
1783560600	32274	EXIT side=long r=-1.090 reason=stop
1783594800	32312	EPISODE_START pct=0.1562
1783600200	32318	EPISODE_FREEZE bars=6 range=[62583.41,62846.00]
1783600200	32318	ENTRY side=short price=62580.24 atr=190.2548 stop=62865.62
1783603800	32322	EXIT side=short r=-1.218 reason=stop
1783629900	32351	EPISODE_START pct=0.1875
1783647900	32371	EPISODE_FREEZE bars=20 range=[62902.28,63435.95]
1783647900	32371	ENTRY side=long price=63727.84 atr=192.8168 stop=63438.62
1783656000	32380	EPISODE_START pct=0.1979
1783657800	32382	TRAIL_ACTIVATE side=long unreal_r=1.183
1783657800	32382	EPISODE_FREEZE bars=2 range=[63856.51,64021.72]
1783657800	32382	SIGNAL_IGNORED side=long (position open)
1783660500	32385	EPISODE_START pct=0.1667
1783661400	32386	EPISODE_FREEZE bars=1 range=[63914.85,63990.24]
1783661400	32386	SIGNAL_IGNORED side=long (position open)
1783662300	32387	EPISODE_START pct=0.1771
1783674000	32400	EPISODE_FREEZE bars=13 range=[63770.60,64375.42]
1783674900	32401	SIGNAL_IGNORED side=long (position open)
1783676700	32403	EPISODE_START pct=0.1667
1783690200	32418	EPISODE_FREEZE bars=15 range=[64132.46,64581.38]
1783692900	32421	SIGNAL_IGNORED side=short (position open)
1783694700	32423	EXIT side=long r=0.573 reason=trail
1783719900	32451	EPISODE_START pct=0.1562
1783781100	32519	EPISODE_FREEZE bars=68 range=[63950.28,64486.52]
1783783800	32522	EPISODE_EXPIRED
1783864800	32612	EPISODE_START pct=0.1979
1783867500	32615	EPISODE_FREEZE bars=3 range=[63927.32,64059.77]
1783867500	32615	ENTRY side=long price=64175.39 atr=94.1478 stop=64034.17
1783879200	32628	EXIT side=long r=-1.177 reason=stop
1783881900	32631	EPISODE_START pct=0.1771
1783893600	32644	EPISODE_FREEZE bars=13 range=[63858.18,64248.06]
1783893600	32644	ENTRY side=short price=63756.07 atr=95.9035 stop=63899.93
1783900800	32652	EXIT side=short r=-3.569 reason=stop
1784002500	32765	EPISODE_START pct=0.1875
1784032200	32798	EPISODE_FREEZE bars=33 range=[62469.41,63066.81]
1784032200	32798	ENTRY side=long price=63522.69 atr=167.1032 stop=63272.04
1784033100	32799	TRAIL_ACTIVATE side=long unreal_r=1.629
1784081700	32853	EXIT side=long r=3.900 reason=trail
1784108700	32883	EPISODE_START pct=0.1875
1784109600	32884	EPISODE_FREEZE bars=1 range=[64626.28,64710.11]
1784109600	32884	ENTRY side=long price=64770.36 atr=142.6934 stop=64556.32
1784112300	32887	EPISODE_START pct=0.1042
1784119500	32895	TRAIL_ACTIVATE side=long unreal_r=1.698
1784119500	32895	EPISODE_FREEZE bars=8 range=[64573.67,64940.45]
1784119500	32895	SIGNAL_IGNORED side=long (position open)
1784133000	32910	EXIT side=long r=0.633 reason=trail
1784151900	32931	EPISODE_START pct=0.1562
1784160900	32941	EPISODE_FREEZE bars=10 range=[64674.95,64936.45]
1784160900	32941	ENTRY side=short price=64537.05 atr=134.4875 stop=64738.78
1784161800	32942	EPISODE_START pct=0.1250
1784164500	32945	EPISODE_FREEZE bars=3 range=[64465.64,64633.89]
1784166300	32947	SIGNAL_IGNORED side=long (position open)
1784171700	32953	EPISODE_START pct=0.1458
1784178000	32960	EXIT side=short r=-1.057 reason=stop
1784183400	32966	EPISODE_FREEZE bars=13 range=[64511.84,64974.51]
1784186100	32969	ENTRY side=short price=64468.95 atr=129.8601 stop=64663.74
1784187000	32970	TRAIL_ACTIVATE side=short unreal_r=1.356
1784209500	32995	EXIT side=short r=0.609 reason=trail
1784283300	33077	EPISODE_START pct=0.0833
1784293200	33088	EPISODE_FREEZE bars=11 range=[63019.88,63337.58]
1784293200	33088	ENTRY side=short price=62784.82 atr=139.1353 stop=62993.52
1784295000	33090	TRAIL_ACTIVATE side=short unreal_r=1.155
1784295900	33091	EXIT side=short r=-1.651 reason=trail
1784328300	33127	EPISODE_START pct=0.1875
1784377800	33182	EPISODE_FREEZE bars=55 range=[63860.12,64170.04]
1784378700	33183	ENTRY side=long price=64181.41 atr=53.3035 stop=64101.45
1784379600	33184	EXIT side=long r=-2.499 reason=stop
1784582100	33409	EPISODE_START pct=0.1875
1784606400	33436	EPISODE_FREEZE bars=27 range=[65061.21,65634.64]
1784609100	33439	EPISODE_EXPIRED
1784610000	33440	EPISODE_START pct=0.0208
1784612700	33443	EPISODE_FREEZE bars=3 range=[65460.11,65662.49]
1784612700	33443	ENTRY side=long price=65724.81 atr=148.7906 stop=65501.63
1784619000	33450	TRAIL_ACTIVATE side=long unreal_r=1.306
1784625300	33457	EPISODE_START pct=0.1667
1784639700	33473	EPISODE_FREEZE bars=16 range=[66117.10,66611.36]
1784641500	33475	SIGNAL_IGNORED side=long (position open)
1784653200	33488	EXIT side=long r=3.185 reason=trail
1784667600	33504	EPISODE_START pct=0.1979
1784684700	33523	EPISODE_FREEZE bars=19 range=[66180.11,66709.66]
1784687400	33526	EPISODE_EXPIRED
1784688300	33527	EPISODE_START pct=0.1562
1784689200	33528	EPISODE_FREEZE bars=1 range=[66265.04,66355.57]
1784689200	33528	ENTRY side=short price=66145.83 atr=129.3719 stop=66339.89
1784694600	33534	EXIT side=short r=-1.245 reason=stop
1784695500	33535	EPISODE_START pct=0.1771
1784697300	33537	EPISODE_FREEZE bars=2 range=[66216.99,66388.27]
1784697300	33537	ENTRY side=short price=66050.05 atr=133.3679 stop=66250.10
1784700900	33541	TRAIL_ACTIVATE side=short unreal_r=1.081
1784714400	33556	EPISODE_START pct=0.1979
1784724300	33567	EPISODE_FREEZE bars=11 range=[65738.08,66077.46]
1784724300	33567	SIGNAL_IGNORED side=short (position open)
1784733300	33577	EXIT side=short r=0.029 reason=trail
1784778300	33627	EPISODE_START pct=0.1667
1784790000	33640	EPISODE_FREEZE bars=13 range=[65543.10,65793.62]
1784790000	33640	ENTRY side=short price=65422.87 atr=130.9903 stop=65619.35
1784795400	33646	EPISODE_START pct=0.1562
1784797200	33648	EXIT side=short r=-1.123 reason=stop
1784809800	33662	EPISODE_FREEZE bars=16 range=[65361.02,65756.50]
1784809800	33662	ENTRY side=short price=65083.25 atr=118.6451 stop=65261.22
1784814300	33667	TRAIL_ACTIVATE side=short unreal_r=1.246
1784836800	33692	EXIT side=short r=0.312 reason=trail
1784871900	33731	EPISODE_START pct=0.1979
1784873700	33733	EPISODE_FREEZE bars=2 range=[65245.56,65355.00]
1784873700	33733	ENTRY side=long price=65425.15 atr=117.2371 stop=65249.29
1784875500	33735	EPISODE_START pct=0.1354
1784876400	33736	TRAIL_ACTIVATE side=long unreal_r=1.790
1784876400	33736	EPISODE_FREEZE bars=1 range=[65394.24,65450.91]
1784876400	33736	SIGNAL_IGNORED side=long (position open)
1784878200	33738	EXIT side=long r=-0.437 reason=trail
1784891700	33753	EPISODE_START pct=0.1875
1784893500	33755	EPISODE_FREEZE bars=2 range=[64907.99,65033.92]
1784893500	33755	ENTRY side=long price=65046.13 atr=133.6123 stop=64845.71
1784897100	33759	EXIT side=long r=-1.495 reason=stop
1784925000	33790	EPISODE_START pct=0.1979
1784970900	33841	EPISODE_FREEZE bars=51 range=[63768.78,64210.79]
1784973600	33844	EPISODE_EXPIRED
1784974500	33845	EPISODE_START pct=0.0729
1784992500	33865	EPISODE_FREEZE bars=20 range=[63961.54,64232.29]
1784995200	33868	EPISODE_EXPIRED
1785021300	33897	EPISODE_START pct=0.1458
1785024000	33900	EPISODE_FREEZE bars=3 range=[64331.63,64393.60]
1785024000	33900	ENTRY side=long price=64405.53 atr=55.7450 stop=64321.91
1785033900	33911	TRAIL_ACTIVATE side=long unreal_r=1.016
1785042900	33921	EPISODE_START pct=0.1667
1785043800	33922	EPISODE_FREEZE bars=1 range=[64456.50,64490.50]
1785043800	33922	SIGNAL_IGNORED side=short (position open)
1785045600	33924	EXIT side=long r=-0.979 reason=trail
1785058200	33938	EPISODE_START pct=0.1458
1785068100	33949	EPISODE_FREEZE bars=11 range=[64470.05,64639.12]
1785069900	33951	ENTRY side=short price=64434.11 atr=57.9496 stop=64521.04
1785072600	33954	EXIT side=short r=-1.154 reason=stop
1785222900	34121	EPISODE_START pct=0.1979
1785237300	34137	EPISODE_FREEZE bars=16 range=[63264.48,63565.84]
1785240000	34140	EPISODE_EXPIRED
1785243600	34144	EPISODE_START pct=0.1979
1785244500	34145	EPISODE_FREEZE bars=1 range=[63451.15,63568.07]
1785244500	34145	ENTRY side=short price=63282.54 atr=132.8250 stop=63481.77
1785245400	34146	TRAIL_ACTIVATE side=short unreal_r=1.590
1785249900	34151	EXIT side=short r=-0.508 reason=trail
1785278700	34183	EPISODE_START pct=0.1979
1785279600	34184	EPISODE_FREEZE bars=1 range=[63745.06,63852.87]
1785279600	34184	ENTRY side=short price=63599.79 atr=131.8780 stop=63797.61
1785281400	34186	EXIT side=short r=-1.081 reason=stop
1785316500	34225	EPISODE_START pct=0.1667
1785317400	34226	EPISODE_FREEZE bars=1 range=[64396.98,64450.15]
1785317400	34226	ENTRY side=long price=64572.40 atr=137.6372 stop=64365.95
1785321000	34230	EPISODE_START pct=0.1771
1785321900	34231	EPISODE_FREEZE bars=1 range=[64534.50,64649.95]
1785321900	34231	SIGNAL_IGNORED side=short (position open)
1785324600	34234	EPISODE_START pct=0.1562
1785327300	34237	EXIT side=long r=-1.296 reason=stop
1785331800	34242	EPISODE_FREEZE bars=8 range=[64115.05,64480.00]
1785332700	34243	ENTRY side=long price=64630.60 atr=163.7712 stop=64384.94
1785333600	34244	EXIT side=long r=-1.627 reason=stop
1785393900	34311	EPISODE_START pct=0.1458
1785399300	34317	EPISODE_FREEZE bars=6 range=[63913.60,64122.13]
1785399300	34317	ENTRY side=long price=64239.08 atr=148.0695 stop=64016.98
1785402900	34321	TRAIL_ACTIVATE side=long unreal_r=1.040
1785404700	34323	EPISODE_START pct=0.1250
1785418200	34338	EPISODE_FREEZE bars=15 range=[64515.56,65007.64]
1785420900	34341	EPISODE_EXPIRED
1785437100	34359	EPISODE_START pct=0.1458
1785454200	34378	EPISODE_FREEZE bars=19 range=[64636.76,64995.29]
1785456900	34381	EPISODE_EXPIRED
1785457800	34382	EPISODE_START pct=0.1979
1785459600	34384	EPISODE_FREEZE bars=2 range=[64663.21,64795.89]
1785459600	34384	SIGNAL_IGNORED side=long (position open)
1785462300	34387	EXIT side=long r=1.333 reason=trail
1785491100	34419	EPISODE_START pct=0.1667
1785504600	34434	EPISODE_FREEZE bars=15 range=[63579.19,63982.20]
1785504600	34434	ENTRY side=short price=63432.49 atr=124.3289 stop=63618.98
1785506400	34436	TRAIL_ACTIVATE side=short unreal_r=4.090
1785518100	34449	EXIT side=short r=2.539 reason=trail
1785533400	34466	EPISODE_START pct=0.1146
1785602700	34543	EPISODE_FREEZE bars=77 range=[62830.61,63126.71]
1785604500	34545	ENTRY side=short price=62809.21 atr=56.0451 stop=62893.28
1785606300	34547	TRAIL_ACTIVATE side=short unreal_r=1.487
1785609900	34551	EXIT side=short r=3.054 reason=trail
1785684600	34634	EPISODE_START pct=0.1875
1785688200	34638	EPISODE_FREEZE bars=4 range=[63037.81,63149.69]
1785688200	34638	ENTRY side=long price=63198.73 atr=82.3906 stop=63075.15
1785690000	34640	EPISODE_START pct=0.1979
1785690900	34641	EPISODE_FREEZE bars=1 range=[63129.87,63198.88]
1785690900	34641	SIGNAL_IGNORED side=long (position open)
1785692700	34643	EPISODE_START pct=0.1250
1785695400	34646	TRAIL_ACTIVATE side=long unreal_r=2.144
1785695400	34646	EPISODE_FREEZE bars=3 range=[63266.23,63309.95]
1785695400	34646	SIGNAL_IGNORED side=long (position open)
1785710700	34663	EXIT side=long r=1.613 reason=trail
1785825000	34790	EPISODE_START pct=0.1979
1785846600	34814	EPISODE_FREEZE bars=24 range=[63428.71,63926.00]
1785846600	34814	ENTRY side=long price=63934.96 atr=122.9953 stop=63750.47
1785851100	34819	EXIT side=long r=-1.473 reason=stop
1785911400	34886	EPISODE_START pct=0.1562
1785916800	34892	EPISODE_FREEZE bars=6 range=[63970.55,64346.03]
1785919500	34895	EPISODE_EXPIRED
1785920400	34896	EPISODE_START pct=0.1250
1785932100	34909	EPISODE_FREEZE bars=13 range=[63982.20,64217.57]
1785932100	34909	ENTRY side=long price=64503.75 atr=124.0188 stop=64317.72
1785933900	34911	EXIT side=long r=-1.119 reason=stop
1785970800	34952	EPISODE_START pct=0.1875
1785971700	34953	EPISODE_FREEZE bars=1 range=[64556.43,64665.49]
1785971700	34953	ENTRY side=long price=64667.77 atr=117.2726 stop=64491.86
1785972600	34954	EPISODE_START pct=0.1354
1785978900	34961	EXIT side=long r=-1.016 reason=stop
1785992400	34976	EPISODE_FREEZE bars=22 range=[64415.15,64702.64]
1785992400	34976	ENTRY side=long price=64885.79 atr=108.5004 stop=64723.04
1785995100	34979	EPISODE_START pct=0.1458
1786006800	34992	EPISODE_FREEZE bars=13 range=[64712.28,64970.94]
1786007700	34993	EXIT side=long r=-1.142 reason=stop
1786007700	34993	ENTRY side=short price=64699.90 atr=106.3037 stop=64859.35
1786012200	34998	EPISODE_START pct=0.1979
1786017600	35004	TRAIL_ACTIVATE side=short unreal_r=1.537
1786018500	35005	EPISODE_FREEZE bars=7 range=[64437.58,64650.56]
1786020300	35007	SIGNAL_IGNORED side=short (position open)
1786026600	35014	EXIT side=short r=-0.514 reason=trail
